track_id,field,source,source_class,licence_family
Corowa,camber_pct,NOT PUBLISHED — camber is not derivable from a plan-view trace,absent,ODC-BY (this dataset)
Corowa,circumference_m,"REJECTED — traced perimeter 702m is outside the plausible TB lap band 1200-2600m — this way is a partial trace, inner rail or fence",other,ODC-BY (this dataset)
Corowa,geometry,"OpenStreetMap way/308830620 (ODbL), geocoded as, fetched 2026-09-01",openstreetmap,ODbL (OpenStreetMap)
Corowa,home_straight_deg,"NOT DETERMINED — no grandstand mapped in OSM, so which straight is the home straight is unresolved. Left null rather than guessed: a 50/50 guess inverts every headwind into a tailwind.",absent,ODbL (OpenStreetMap)
Corowa,turn_radius_m,REJECTED — a circle fitted to a way that is not the track is not the track's radius,other,ODC-BY (this dataset)
GR:ballarat,first_split_table,"BODY-CONFIRMED: ([name removed], Greyhound Racing Victoria, 2026-08-31) —",club_or_body_direct,ODC-BY (this dataset)
GR:ballarat,turn_radii_all_m,"BODY-CONFIRMED: [name removed], GRV, 2026-08-20+27 (uids 841/976)",club_or_body_direct,ODC-BY (this dataset)
GR:ballarat,turn_radius_m,"BODY-CONFIRMED: [name removed], GRV, 2026-08-20+27 (uids 841/976)",club_or_body_direct,ODC-BY (this dataset)
GR:bendigo,first_split_table,"BODY-CONFIRMED: ([name removed], Greyhound Racing Victoria, 2026-08-31) —",club_or_body_direct,ODC-BY (this dataset)
GR:bendigo,turn_radii_all_m,"BODY-CONFIRMED: [name removed], GRV, 2026-08-20+27 (uids 841/976)",club_or_body_direct,ODC-BY (this dataset)
GR:bendigo,turn_radius_m,"BODY-CONFIRMED: [name removed], GRV, 2026-08-20+27 (uids 841/976)",club_or_body_direct,ODC-BY (this dataset)
GR:capalaba,circumference_m,"CLUB-CONFIRMED: [name removed], 2026-08-28 (uid 1007)",club_or_body_direct,ODC-BY (this dataset)
GR:capalaba,geometry_note,"CLUB-CONFIRMED: [name removed], 2026-08-28 (uid 1007)",club_or_body_direct,ODC-BY (this dataset)
GR:capalaba,surface,"CLUB-CONFIRMED: [name removed], 2026-08-28 (uid 1007)",club_or_body_direct,ODC-BY (this dataset)
GR:cranbourne,first_split_table,"BODY-CONFIRMED: ([name removed], Greyhound Racing Victoria, 2026-08-31) —",club_or_body_direct,ODC-BY (this dataset)
GR:geelong,first_split_table,"BODY-CONFIRMED: ([name removed], Greyhound Racing Victoria, 2026-08-31) —",club_or_body_direct,ODC-BY (this dataset)
GR:geelong,turn_radii_all_m,"BODY-CONFIRMED: [name removed], GRV, 2026-08-20+27 (uids 841/976)",club_or_body_direct,ODC-BY (this dataset)
GR:geelong,turn_radius_m,"BODY-CONFIRMED: [name removed], GRV, 2026-08-20+27 (uids 841/976)",club_or_body_direct,ODC-BY (this dataset)
GR:healesville,first_split_table,"BODY-CONFIRMED: ([name removed], Greyhound Racing Victoria, 2026-08-31) —",club_or_body_direct,ODC-BY (this dataset)
GR:healesville,geometry_note,"BODY-CONFIRMED: [name removed], GRV, 2026-08-20+27 (uids 841/976)",club_or_body_direct,ODC-BY (this dataset)
GR:healesville,straight_track,"BODY-CONFIRMED: [name removed], GRV, 2026-08-20+27 (uids 841/976)",club_or_body_direct,ODC-BY (this dataset)
GR:horsham,circumference_m,"CLUB-CONFIRMED: [name removed], [name removed], 2026-08-26 (Track-Data uid 13)",club_or_body_direct,ODC-BY (this dataset)
GR:horsham,first_split_table,"BODY-CONFIRMED: ([name removed], Greyhound Racing Victoria, 2026-08-31) —",club_or_body_direct,ODC-BY (this dataset)
GR:horsham,first_turn_m,"CLUB-CONFIRMED: [name removed], [name removed], 2026-08-26 (Track-Data uid 13)",club_or_body_direct,ODC-BY (this dataset)
GR:horsham,first_turn_note,"CLUB-CONFIRMED: [name removed], [name removed], 2026-08-26 (Track-Data uid 13)",club_or_body_direct,ODC-BY (this dataset)
GR:horsham,run_home_m,"CLUB-CONFIRMED: [name removed], [name removed], 2026-08-26 (Track-Data uid 13)",club_or_body_direct,ODC-BY (this dataset)
GR:horsham,turn_radii_all_m,"BODY-CONFIRMED: [name removed], GRV, 2026-08-20+27 (uids 841/976)",club_or_body_direct,ODC-BY (this dataset)
GR:horsham,turn_radius_m,"BODY-CONFIRMED: [name removed], GRV, 2026-08-20+27 (uids 841/976)",club_or_body_direct,ODC-BY (this dataset)
GR:nowra,circumference_m,"CLUB-CONFIRMED: [name removed], [name removed], track-details PDF, 2026-08-28 (uid 1004)",club_or_body_direct,ODC-BY (this dataset)
GR:nowra,geometry_note,"CLUB-CONFIRMED: [name removed], [name removed], track-details PDF, 2026-08-28 (uid 1004)",club_or_body_direct,ODC-BY (this dataset)
GR:nowra,surface,"CLUB-CONFIRMED: [name removed], [name removed], track-details PDF, 2026-08-28 (uid 1004)",club_or_body_direct,ODC-BY (this dataset)
GR:nowra,turn_radius_m,"CLUB-CONFIRMED: [name removed], [name removed], track-details PDF, 2026-08-28 (uid 1004)",club_or_body_direct,ODC-BY (this dataset)
GR:q-straight,circumference_m,"CLUB-CONFIRMED: (QGRC Reception, 2026-08-20)",club_or_body_direct,ODC-BY (this dataset)
GR:q-straight,straight_track,CLUB-CONFIRMED: (2026-08-20): straight track — no bends; 300m and 350m courses,club_or_body_direct,ODC-BY (this dataset)
GR:q-straight,surface,"CLUB-CONFIRMED: (QGRC Reception, 2026-08-20)",club_or_body_direct,ODC-BY (this dataset)
GR:richmond,circumference_m,"CLUB-CONFIRMED: Richmond Race Club, track diagram, 2026-08-26 (Track-Data uid 21)",club_or_body_direct,ODC-BY (this dataset)
GR:richmond,geometry_note,"CLUB-CONFIRMED: Richmond Race Club, track diagram, 2026-08-26 (Track-Data uid 21)",club_or_body_direct,ODC-BY (this dataset)
GR:richmond,surface,"CLUB-CONFIRMED: Richmond Race Club, track diagram, 2026-08-26 (Track-Data uid 21)",club_or_body_direct,ODC-BY (this dataset)
GR:richmond,turn_radius_m,"CLUB-CONFIRMED: Richmond Race Club, track diagram, 2026-08-26 (Track-Data uid 21)",club_or_body_direct,ODC-BY (this dataset)
GR:sale,first_split_table,"BODY-CONFIRMED: ([name removed], Greyhound Racing Victoria, 2026-08-31) —",club_or_body_direct,ODC-BY (this dataset)
GR:sale,turn_radii_all_m,"BODY-CONFIRMED: [name removed], GRV, 2026-08-20+27 (uids 841/976)",club_or_body_direct,ODC-BY (this dataset)
GR:sale,turn_radius_m,"BODY-CONFIRMED: [name removed], GRV, 2026-08-20+27 (uids 841/976)",club_or_body_direct,ODC-BY (this dataset)
GR:sandown-park,first_split_table,"BODY-CONFIRMED: ([name removed], Greyhound Racing Victoria, 2026-08-31) —",club_or_body_direct,ODC-BY (this dataset)
GR:sandown-park,turn_radii_all_m,"BODY-CONFIRMED: [name removed], GRV, 2026-08-20+27 (uids 841/976)",club_or_body_direct,ODC-BY (this dataset)
GR:sandown-park,turn_radius_m,"BODY-CONFIRMED: [name removed], GRV, 2026-08-20+27 (uids 841/976)",club_or_body_direct,ODC-BY (this dataset)
GR:shepparton,first_split_table,"BODY-CONFIRMED: ([name removed], Greyhound Racing Victoria, 2026-08-31) —",club_or_body_direct,ODC-BY (this dataset)
GR:shepparton,turn_radii_all_m,"BODY-CONFIRMED: [name removed], GRV, 2026-08-20+27 (uids 841/976)",club_or_body_direct,ODC-BY (this dataset)
GR:shepparton,turn_radius_m,"BODY-CONFIRMED: [name removed], GRV, 2026-08-20+27 (uids 841/976)",club_or_body_direct,ODC-BY (this dataset)
GR:the-meadows,first_split_table,"BODY-CONFIRMED: ([name removed], Greyhound Racing Victoria, 2026-08-31) —",club_or_body_direct,ODC-BY (this dataset)
GR:the-meadows,turn_radii_all_m,"BODY-CONFIRMED: [name removed], GRV, 2026-08-20+27 (uids 841/976)",club_or_body_direct,ODC-BY (this dataset)
GR:the-meadows,turn_radius_m,"BODY-CONFIRMED: [name removed], GRV, 2026-08-20+27 (uids 841/976)",club_or_body_direct,ODC-BY (this dataset)
GR:traralgon,first_split_table,"BODY-CONFIRMED: ([name removed], Greyhound Racing Victoria, 2026-08-31) —",club_or_body_direct,ODC-BY (this dataset)
GR:traralgon,turn_radii_all_m,"BODY-CONFIRMED: [name removed], GRV, 2026-08-20+27 (uids 841/976)",club_or_body_direct,ODC-BY (this dataset)
GR:traralgon,turn_radius_m,"BODY-CONFIRMED: [name removed], GRV, 2026-08-20+27 (uids 841/976)",club_or_body_direct,ODC-BY (this dataset)
GR:warragul,first_split_table,"BODY-CONFIRMED: ([name removed], Greyhound Racing Victoria, 2026-08-31) —",club_or_body_direct,ODC-BY (this dataset)
GR:warragul,turn_radii_all_m,"BODY-CONFIRMED: [name removed], GRV, 2026-08-20+27 (uids 841/976)",club_or_body_direct,ODC-BY (this dataset)
GR:warragul,turn_radius_m,"BODY-CONFIRMED: [name removed], GRV, 2026-08-20+27 (uids 841/976)",club_or_body_direct,ODC-BY (this dataset)
GR:warrnambool,first_split_table,"BODY-CONFIRMED: ([name removed], Greyhound Racing Victoria, 2026-08-31) —",club_or_body_direct,ODC-BY (this dataset)
GR:warrnambool,turn_radii_all_m,"BODY-CONFIRMED: [name removed], GRV, 2026-08-20+27 (uids 841/976)",club_or_body_direct,ODC-BY (this dataset)
GR:warrnambool,turn_radius_m,"BODY-CONFIRMED: [name removed], GRV, 2026-08-20+27 (uids 841/976)",club_or_body_direct,ODC-BY (this dataset)
H:albion-park,circumference_m,BODY-CONFIRMED: harness.org.au track register (Firecrawl),club_or_body_direct,ODC-BY (this dataset)
H:albion-park,home_straight_m,BODY-CONFIRMED: harness.org.au track register (Firecrawl),club_or_body_direct,ODC-BY (this dataset)
H:albion-park,sprint_lane,BODY-CONFIRMED: harness.org.au register,club_or_body_direct,ODC-BY (this dataset)
H:albion-park,turn_radius_m,BODY-CONFIRMED: harness.org.au track register (Firecrawl),club_or_body_direct,ODC-BY (this dataset)
H:ballarat,circumference_m,BODY-CONFIRMED: harness.org.au track register (Firecrawl),club_or_body_direct,ODC-BY (this dataset)
H:ballarat,home_straight_m,BODY-CONFIRMED: harness.org.au track register (Firecrawl),club_or_body_direct,ODC-BY (this dataset)
H:ballarat,sprint_lane,BODY-CONFIRMED: harness.org.au register,club_or_body_direct,ODC-BY (this dataset)
H:ballarat,turn_radius_m,BODY-CONFIRMED: harness.org.au track register (Firecrawl),club_or_body_direct,ODC-BY (this dataset)
H:bankstown,circumference_m,BODY-CONFIRMED: harness.org.au track register (Firecrawl),club_or_body_direct,ODC-BY (this dataset)
H:bankstown,home_straight_m,BODY-CONFIRMED: harness.org.au track register (Firecrawl),club_or_body_direct,ODC-BY (this dataset)
H:bankstown,sprint_lane,BODY-CONFIRMED: harness.org.au register,club_or_body_direct,ODC-BY (this dataset)
H:bankstown,turn_radius_m,BODY-CONFIRMED: harness.org.au track register (Firecrawl),club_or_body_direct,ODC-BY (this dataset)
H:bathurst,sprint_lane,BODY-CONFIRMED: harness.org.au register,club_or_body_direct,ODC-BY (this dataset)
H:bathurst,turn_radius_m,BODY-CONFIRMED: harness.org.au track register (Firecrawl),club_or_body_direct,ODC-BY (this dataset)
H:bendigo,circumference_m,BODY-CONFIRMED: harness.org.au track register (Firecrawl),club_or_body_direct,ODC-BY (this dataset)
H:bendigo,home_straight_m,BODY-CONFIRMED: harness.org.au track register (Firecrawl),club_or_body_direct,ODC-BY (this dataset)
H:bendigo,sprint_lane,BODY-CONFIRMED: harness.org.au register,club_or_body_direct,ODC-BY (this dataset)
H:bendigo,turn_radius_m,BODY-CONFIRMED: harness.org.au track register (Firecrawl),club_or_body_direct,ODC-BY (this dataset)
H:boort,circumference_m,BODY-CONFIRMED: harness.org.au track register (Firecrawl),club_or_body_direct,ODC-BY (this dataset)
H:boort,home_straight_m,BODY-CONFIRMED: harness.org.au track register (Firecrawl),club_or_body_direct,ODC-BY (this dataset)
H:boort,sprint_lane,BODY-CONFIRMED: harness.org.au register,club_or_body_direct,ODC-BY (this dataset)
H:boort,turn_radius_m,BODY-CONFIRMED: harness.org.au track register (Firecrawl),club_or_body_direct,ODC-BY (this dataset)
H:broken-hill,sprint_lane,BODY-CONFIRMED: harness.org.au register,club_or_body_direct,ODC-BY (this dataset)
H:broken-hill,turn_radius_m,BODY-CONFIRMED: harness.org.au track register (Firecrawl),club_or_body_direct,ODC-BY (this dataset)
H:bunbury,circumference_m,BODY-CONFIRMED: harness.org.au track register (Firecrawl),club_or_body_direct,ODC-BY (this dataset)
H:bunbury,home_straight_m,BODY-CONFIRMED: harness.org.au track register (Firecrawl),club_or_body_direct,ODC-BY (this dataset)
H:bunbury,sprint_lane,BODY-CONFIRMED: harness.org.au register,club_or_body_direct,ODC-BY (this dataset)
H:bunbury,turn_radius_m,BODY-CONFIRMED: harness.org.au track register (Firecrawl),club_or_body_direct,ODC-BY (this dataset)
H:carrick,circumference_m,BODY-CONFIRMED: harness.org.au track register (Firecrawl),club_or_body_direct,ODC-BY (this dataset)
H:carrick,home_straight_m,BODY-CONFIRMED: harness.org.au track register (Firecrawl),club_or_body_direct,ODC-BY (this dataset)
H:carrick,sprint_lane,BODY-CONFIRMED: harness.org.au register,club_or_body_direct,ODC-BY (this dataset)
H:cobram,home_straight_m,BODY-CONFIRMED: harness.org.au track register (Firecrawl),club_or_body_direct,ODC-BY (this dataset)
H:cobram,sprint_lane,BODY-CONFIRMED: harness.org.au register,club_or_body_direct,ODC-BY (this dataset)
H:cobram,turn_radius_m,BODY-CONFIRMED: harness.org.au track register (Firecrawl),club_or_body_direct,ODC-BY (this dataset)
H:cowra,home_straight_m,BODY-CONFIRMED: harness.org.au track register (Firecrawl),club_or_body_direct,ODC-BY (this dataset)
H:cowra,sprint_lane,BODY-CONFIRMED: harness.org.au register,club_or_body_direct,ODC-BY (this dataset)
H:cranbourne,circumference_m,BODY-CONFIRMED: harness.org.au track register (Firecrawl),club_or_body_direct,ODC-BY (this dataset)
H:cranbourne,home_straight_m,BODY-CONFIRMED: harness.org.au track register (Firecrawl),club_or_body_direct,ODC-BY (this dataset)
H:cranbourne,sprint_lane,BODY-CONFIRMED: harness.org.au register,club_or_body_direct,ODC-BY (this dataset)
H:cranbourne,turn_radius_m,BODY-CONFIRMED: harness.org.au track register (Firecrawl),club_or_body_direct,ODC-BY (this dataset)
H:devonport,circumference_m,BODY-CONFIRMED: harness.org.au track register (Firecrawl),club_or_body_direct,ODC-BY (this dataset)
H:devonport,home_straight_m,BODY-CONFIRMED: harness.org.au track register (Firecrawl),club_or_body_direct,ODC-BY (this dataset)
H:devonport,sprint_lane,BODY-CONFIRMED: harness.org.au register,club_or_body_direct,ODC-BY (this dataset)
H:devonport,turn_radius_m,BODY-CONFIRMED: harness.org.au track register (Firecrawl),club_or_body_direct,ODC-BY (this dataset)
H:dubbo,circumference_m,"CLUB-CONFIRMED: [name removed], [name removed], 2026-08-21 (uid 850)",club_or_body_direct,ODC-BY (this dataset)
H:dubbo,home_straight_m,"CLUB-CONFIRMED: [name removed], [name removed], 2026-08-21 (uid 850)",club_or_body_direct,ODC-BY (this dataset)
H:dubbo,sprint_lane,BODY-CONFIRMED: harness.org.au register,club_or_body_direct,ODC-BY (this dataset)
H:dubbo,surface,"CLUB-CONFIRMED: [name removed], [name removed], 2026-08-21 (uid 850)",club_or_body_direct,ODC-BY (this dataset)
H:dubbo,turn_radius_m,"CLUB-CONFIRMED: [name removed], [name removed], 2026-08-21 (uid 850)",club_or_body_direct,ODC-BY (this dataset)
H:echuca,home_straight_m,BODY-CONFIRMED: harness.org.au track register (Firecrawl),club_or_body_direct,ODC-BY (this dataset)
H:echuca,sprint_lane,BODY-CONFIRMED: harness.org.au register,club_or_body_direct,ODC-BY (this dataset)
H:echuca,turn_radius_m,BODY-CONFIRMED: harness.org.au track register (Firecrawl),club_or_body_direct,ODC-BY (this dataset)
H:geelong,circumference_m,BODY-CONFIRMED: harness.org.au track register (Firecrawl),club_or_body_direct,ODC-BY (this dataset)
H:geelong,home_straight_m,BODY-CONFIRMED: harness.org.au track register (Firecrawl),club_or_body_direct,ODC-BY (this dataset)
H:geelong,sprint_lane,BODY-CONFIRMED: harness.org.au register,club_or_body_direct,ODC-BY (this dataset)
H:geelong,turn_radius_m,BODY-CONFIRMED: harness.org.au track register (Firecrawl),club_or_body_direct,ODC-BY (this dataset)
H:gloucester-park,home_straight_m,BODY-CONFIRMED: harness.org.au track register (Firecrawl),club_or_body_direct,ODC-BY (this dataset)
H:gloucester-park,sprint_lane,BODY-CONFIRMED: harness.org.au register,club_or_body_direct,ODC-BY (this dataset)
H:gloucester-park,turn_radius_m,BODY-CONFIRMED: harness.org.au track register (Firecrawl),club_or_body_direct,ODC-BY (this dataset)
H:goulburn,camber_pct,"CLUB-CONFIRMED: [name removed], [name removed], 2026-08-29 (uid 1028)",club_or_body_direct,ODC-BY (this dataset)
H:goulburn,circumference_m,BODY-CONFIRMED: harness.org.au track register (Firecrawl),club_or_body_direct,ODC-BY (this dataset)
H:goulburn,first_turn_m,"CLUB-CONFIRMED: [name removed], [name removed], 2026-08-29 (uid 1028)",club_or_body_direct,ODC-BY (this dataset)
H:goulburn,first_turn_note,"CLUB-CONFIRMED: [name removed], [name removed], 2026-08-29 (uid 1028)",club_or_body_direct,ODC-BY (this dataset)
H:goulburn,home_straight_m,BODY-CONFIRMED: harness.org.au track register (Firecrawl),club_or_body_direct,ODC-BY (this dataset)
H:goulburn,sprint_lane,BODY-CONFIRMED: harness.org.au register,club_or_body_direct,ODC-BY (this dataset)
H:goulburn,surface,"CLUB-CONFIRMED: [name removed], [name removed], 2026-08-29 (uid 1028)",club_or_body_direct,ODC-BY (this dataset)
H:goulburn,turn_radius_m,"CLUB-CONFIRMED: [name removed], [name removed], 2026-08-29 (uid 1028)",club_or_body_direct,ODC-BY (this dataset)
H:gunbower,home_straight_m,BODY-CONFIRMED: harness.org.au track register (Firecrawl),club_or_body_direct,ODC-BY (this dataset)
H:gunbower,sprint_lane,BODY-CONFIRMED: harness.org.au register,club_or_body_direct,ODC-BY (this dataset)
H:gunbower,turn_radius_m,BODY-CONFIRMED: harness.org.au track register (Firecrawl),club_or_body_direct,ODC-BY (this dataset)
H:hamilton,circumference_m,BODY-CONFIRMED: harness.org.au track register (Firecrawl),club_or_body_direct,ODC-BY (this dataset)
H:hamilton,home_straight_m,BODY-CONFIRMED: harness.org.au track register (Firecrawl),club_or_body_direct,ODC-BY (this dataset)
H:hamilton,sprint_lane,BODY-CONFIRMED: harness.org.au register,club_or_body_direct,ODC-BY (this dataset)
H:hamilton,turn_radius_m,BODY-CONFIRMED: harness.org.au track register (Firecrawl),club_or_body_direct,ODC-BY (this dataset)
H:hobart,circumference_m,BODY-CONFIRMED: harness.org.au track register (Firecrawl),club_or_body_direct,ODC-BY (this dataset)
H:hobart,home_straight_m,BODY-CONFIRMED: harness.org.au track register (Firecrawl),club_or_body_direct,ODC-BY (this dataset)
H:hobart,sprint_lane,BODY-CONFIRMED: harness.org.au register,club_or_body_direct,ODC-BY (this dataset)
H:hobart,turn_radius_m,BODY-CONFIRMED: harness.org.au track register (Firecrawl),club_or_body_direct,ODC-BY (this dataset)
H:kilmore,circumference_m,BODY-CONFIRMED: harness.org.au track register (Firecrawl),club_or_body_direct,ODC-BY (this dataset)
H:kilmore,home_straight_m,BODY-CONFIRMED: harness.org.au track register (Firecrawl),club_or_body_direct,ODC-BY (this dataset)
H:kilmore,sprint_lane,BODY-CONFIRMED: harness.org.au register,club_or_body_direct,ODC-BY (this dataset)
H:kilmore,turn_radius_m,BODY-CONFIRMED: harness.org.au track register (Firecrawl),club_or_body_direct,ODC-BY (this dataset)
H:king-island,circumference_m,BODY-CONFIRMED: harness.org.au track register (Firecrawl),club_or_body_direct,ODC-BY (this dataset)
H:king-island,home_straight_m,BODY-CONFIRMED: harness.org.au track register (Firecrawl),club_or_body_direct,ODC-BY (this dataset)
H:king-island,sprint_lane,BODY-CONFIRMED: harness.org.au register,club_or_body_direct,ODC-BY (this dataset)
H:launceston,circumference_m,BODY-CONFIRMED: harness.org.au track register (Firecrawl),club_or_body_direct,ODC-BY (this dataset)
H:launceston,home_straight_m,BODY-CONFIRMED: harness.org.au track register (Firecrawl),club_or_body_direct,ODC-BY (this dataset)
H:launceston,sprint_lane,BODY-CONFIRMED: harness.org.au register,club_or_body_direct,ODC-BY (this dataset)
H:launceston,turn_radius_m,BODY-CONFIRMED: harness.org.au track register (Firecrawl),club_or_body_direct,ODC-BY (this dataset)
H:leeton,circumference_m,BODY-CONFIRMED: harness.org.au track register (Firecrawl),club_or_body_direct,ODC-BY (this dataset)
H:leeton,home_straight_m,BODY-CONFIRMED: harness.org.au track register (Firecrawl),club_or_body_direct,ODC-BY (this dataset)
H:leeton,sprint_lane,BODY-CONFIRMED: harness.org.au register,club_or_body_direct,ODC-BY (this dataset)
H:leeton,turn_radius_m,BODY-CONFIRMED: harness.org.au track register (Firecrawl),club_or_body_direct,ODC-BY (this dataset)
H:maitland,home_straight_m,BODY-CONFIRMED: harness.org.au track register (Firecrawl),club_or_body_direct,ODC-BY (this dataset)
H:maitland,sprint_lane,BODY-CONFIRMED: harness.org.au register,club_or_body_direct,ODC-BY (this dataset)
H:maitland,turn_radius_m,BODY-CONFIRMED: harness.org.au track register (Firecrawl),club_or_body_direct,ODC-BY (this dataset)
H:marburg,circumference_m,BODY-CONFIRMED: harness.org.au track register (Firecrawl),club_or_body_direct,ODC-BY (this dataset)
H:marburg,geometry_note,"BODY-CONFIRMED: [name removed], Racing Queensland, 2026-08-24 (Track-Data uid 12)",club_or_body_direct,ODC-BY (this dataset)
H:marburg,home_straight_m,BODY-CONFIRMED: harness.org.au track register (Firecrawl),club_or_body_direct,ODC-BY (this dataset)
H:marburg,sprint_lane,BODY-CONFIRMED: harness.org.au register,club_or_body_direct,ODC-BY (this dataset)
H:marburg,surface,"BODY-CONFIRMED: [name removed], Racing Queensland, 2026-08-24 (Track-Data uid 12)",club_or_body_direct,ODC-BY (this dataset)
H:marburg,turn_radius_m,"BODY-CONFIRMED: [name removed], Racing Queensland, 2026-08-24 (Track-Data uid 12)",club_or_body_direct,ODC-BY (this dataset)
H:maryborough,camber_note,"CLUB-CONFIRMED: [name removed]/, [name removed], 2026-08-21 (uid 854)",club_or_body_direct,ODC-BY (this dataset)
H:maryborough,camber_pct,"CLUB-CONFIRMED: [name removed]/, [name removed], 2026-08-21 (uid 854)",club_or_body_direct,ODC-BY (this dataset)
H:maryborough,circumference_m,"CLUB-CONFIRMED: [name removed]/, [name removed], 2026-08-21 (uid 854)",club_or_body_direct,ODC-BY (this dataset)
H:maryborough,home_straight_m,"CLUB-CONFIRMED: [name removed]/, [name removed], 2026-08-21 (uid 854)",club_or_body_direct,ODC-BY (this dataset)
H:maryborough,sprint_lane,BODY-CONFIRMED: harness.org.au register,club_or_body_direct,ODC-BY (this dataset)
H:maryborough,surface,"CLUB-CONFIRMED: [name removed]/, [name removed], 2026-08-21 (uid 854)",club_or_body_direct,ODC-BY (this dataset)
H:maryborough,turn_radius_m,"CLUB-CONFIRMED: [name removed]/, [name removed], 2026-08-21 (uid 854)",club_or_body_direct,ODC-BY (this dataset)
H:melton,camber_pct,"CLUB-CONFIRMED: ([name removed], Racing Ops Mgr HRV, 2026-08-20)",club_or_body_direct,ODC-BY (this dataset)
H:melton,circumference_m,"CLUB-CONFIRMED: ([name removed], Racing Ops Mgr HRV, 2026-08-20)",club_or_body_direct,ODC-BY (this dataset)
H:melton,first_turn_m,"CLUB-CONFIRMED: ([name removed], Racing Ops Mgr HRV, 2026-08-20)",club_or_body_direct,ODC-BY (this dataset)
H:melton,home_straight_m,"CLUB-CONFIRMED: ([name removed], Racing Ops Mgr HRV, 2026-08-20)",club_or_body_direct,ODC-BY (this dataset)
H:melton,surface,"CLUB-CONFIRMED: ([name removed], Racing Ops Mgr HRV, 2026-08-20)",club_or_body_direct,ODC-BY (this dataset)
H:melton,turn_radius_m,"CLUB-CONFIRMED: ([name removed], Racing Ops Mgr HRV, 2026-08-20)",club_or_body_direct,ODC-BY (this dataset)
H:mildura,circumference_m,BODY-CONFIRMED: harness.org.au track register (Firecrawl),club_or_body_direct,ODC-BY (this dataset)
H:mildura,home_straight_m,BODY-CONFIRMED: harness.org.au track register (Firecrawl),club_or_body_direct,ODC-BY (this dataset)
H:mildura,sprint_lane,BODY-CONFIRMED: harness.org.au register,club_or_body_direct,ODC-BY (this dataset)
H:mildura,turn_radius_m,BODY-CONFIRMED: harness.org.au track register (Firecrawl),club_or_body_direct,ODC-BY (this dataset)
H:newcastle,camber_note,"CLUB-CONFIRMED: [name removed], GM, [name removed], 2026-08-21 (uid 851)",club_or_body_direct,ODC-BY (this dataset)
H:newcastle,camber_pct,"CLUB-CONFIRMED: [name removed], GM, [name removed], 2026-08-21 (uid 851)",club_or_body_direct,ODC-BY (this dataset)
H:newcastle,circumference_m,"CLUB-CONFIRMED: [name removed], GM, [name removed], 2026-08-21 (uid 851)",club_or_body_direct,ODC-BY (this dataset)
H:newcastle,home_straight_m,"CLUB-CONFIRMED: [name removed], GM, [name removed], 2026-08-21 (uid 851)",club_or_body_direct,ODC-BY (this dataset)
H:newcastle,sprint_lane,BODY-CONFIRMED: harness.org.au register,club_or_body_direct,ODC-BY (this dataset)
H:newcastle,surface,"CLUB-CONFIRMED: [name removed], GM, [name removed], 2026-08-21 (uid 851)",club_or_body_direct,ODC-BY (this dataset)
H:newcastle,turn_radius_m,"CLUB-CONFIRMED: [name removed], GM, [name removed], 2026-08-21 (uid 851)",club_or_body_direct,ODC-BY (this dataset)
H:northam,circumference_m,BODY-CONFIRMED: harness.org.au track register (Firecrawl),club_or_body_direct,ODC-BY (this dataset)
H:northam,home_straight_m,BODY-CONFIRMED: harness.org.au track register (Firecrawl),club_or_body_direct,ODC-BY (this dataset)
H:northam,sprint_lane,BODY-CONFIRMED: harness.org.au register,club_or_body_direct,ODC-BY (this dataset)
H:ouyen,circumference_m,BODY-CONFIRMED: harness.org.au track register (Firecrawl),club_or_body_direct,ODC-BY (this dataset)
H:ouyen,home_straight_m,BODY-CONFIRMED: harness.org.au track register (Firecrawl),club_or_body_direct,ODC-BY (this dataset)
H:ouyen,sprint_lane,BODY-CONFIRMED: harness.org.au register,club_or_body_direct,ODC-BY (this dataset)
H:ouyen,turn_radius_m,BODY-CONFIRMED: harness.org.au track register (Firecrawl),club_or_body_direct,ODC-BY (this dataset)
H:parkes,circumference_m,BODY-CONFIRMED: harness.org.au track register (Firecrawl),club_or_body_direct,ODC-BY (this dataset)
H:parkes,home_straight_m,BODY-CONFIRMED: harness.org.au track register (Firecrawl),club_or_body_direct,ODC-BY (this dataset)
H:parkes,sprint_lane,BODY-CONFIRMED: harness.org.au register,club_or_body_direct,ODC-BY (this dataset)
H:parkes,turn_radius_m,BODY-CONFIRMED: harness.org.au track register (Firecrawl),club_or_body_direct,ODC-BY (this dataset)
H:penrith,home_straight_m,BODY-CONFIRMED: harness.org.au track register (Firecrawl),club_or_body_direct,ODC-BY (this dataset)
H:penrith,sprint_lane,BODY-CONFIRMED: harness.org.au register,club_or_body_direct,ODC-BY (this dataset)
H:penrith,turn_radius_m,BODY-CONFIRMED: harness.org.au track register (Firecrawl),club_or_body_direct,ODC-BY (this dataset)
H:pinjarra,home_straight_m,BODY-CONFIRMED: harness.org.au track register (Firecrawl),club_or_body_direct,ODC-BY (this dataset)
H:pinjarra,sprint_lane,BODY-CONFIRMED: harness.org.au register,club_or_body_direct,ODC-BY (this dataset)
H:pinjarra,turn_radius_m,BODY-CONFIRMED: harness.org.au track register (Firecrawl),club_or_body_direct,ODC-BY (this dataset)
H:port-pirie,home_straight_m,BODY-CONFIRMED: harness.org.au track register (Firecrawl),club_or_body_direct,ODC-BY (this dataset)
H:port-pirie,sprint_lane,BODY-CONFIRMED: harness.org.au register,club_or_body_direct,ODC-BY (this dataset)
H:port-pirie,turn_radius_m,BODY-CONFIRMED: harness.org.au track register (Firecrawl),club_or_body_direct,ODC-BY (this dataset)
H:redcliffe,home_straight_m,BODY-CONFIRMED: harness.org.au track register (Firecrawl),club_or_body_direct,ODC-BY (this dataset)
H:redcliffe,sprint_lane,BODY-CONFIRMED: harness.org.au register,club_or_body_direct,ODC-BY (this dataset)
H:redcliffe,turn_radius_m,BODY-CONFIRMED: harness.org.au track register (Firecrawl),club_or_body_direct,ODC-BY (this dataset)
H:scottsdale,circumference_m,BODY-CONFIRMED: harness.org.au track register (Firecrawl),club_or_body_direct,ODC-BY (this dataset)
H:scottsdale,home_straight_m,BODY-CONFIRMED: harness.org.au track register (Firecrawl),club_or_body_direct,ODC-BY (this dataset)
H:scottsdale,sprint_lane,BODY-CONFIRMED: harness.org.au register,club_or_body_direct,ODC-BY (this dataset)
H:shepparton,camber_note,"CLUB-CONFIRMED: Rob/[name removed], [name removed], 2026-08-25 (Track-Data uids 19/20)",club_or_body_direct,ODC-BY (this dataset)
H:shepparton,camber_pct,"CLUB-CONFIRMED: Rob/[name removed], [name removed], 2026-08-25 (Track-Data uids 19/20)",club_or_body_direct,ODC-BY (this dataset)
H:shepparton,circumference_m,"CLUB-CONFIRMED: Rob/[name removed], [name removed], 2026-08-25 (Track-Data uids 19/20)",club_or_body_direct,ODC-BY (this dataset)
H:shepparton,first_turn_m,"CLUB-CONFIRMED: Rob/[name removed], [name removed], 2026-08-25 (Track-Data uids 19/20)",club_or_body_direct,ODC-BY (this dataset)
H:shepparton,home_straight_m,"CLUB-CONFIRMED: Rob/[name removed], [name removed], 2026-08-25 (Track-Data uids 19/20)",club_or_body_direct,ODC-BY (this dataset)
H:shepparton,sprint_lane,BODY-CONFIRMED: harness.org.au register,club_or_body_direct,ODC-BY (this dataset)
H:shepparton,surface,"CLUB-CONFIRMED: Rob/[name removed], [name removed], 2026-08-25 (Track-Data uids 19/20)",club_or_body_direct,ODC-BY (this dataset)
H:shepparton,turn_radius_m,"CLUB-CONFIRMED: Rob/[name removed], [name removed], 2026-08-25 (Track-Data uids 19/20)",club_or_body_direct,ODC-BY (this dataset)
H:stawell,circumference_m,BODY-CONFIRMED: harness.org.au track register (Firecrawl),club_or_body_direct,ODC-BY (this dataset)
H:stawell,home_straight_m,BODY-CONFIRMED: harness.org.au track register (Firecrawl),club_or_body_direct,ODC-BY (this dataset)
H:stawell,sprint_lane,BODY-CONFIRMED: harness.org.au register,club_or_body_direct,ODC-BY (this dataset)
H:stawell,turn_radius_m,BODY-CONFIRMED: harness.org.au track register (Firecrawl),club_or_body_direct,ODC-BY (this dataset)
H:swan-hill,circumference_m,BODY-CONFIRMED: harness.org.au track register (Firecrawl),club_or_body_direct,ODC-BY (this dataset)
H:swan-hill,home_straight_m,BODY-CONFIRMED: harness.org.au track register (Firecrawl),club_or_body_direct,ODC-BY (this dataset)
H:swan-hill,sprint_lane,BODY-CONFIRMED: harness.org.au register,club_or_body_direct,ODC-BY (this dataset)
H:swan-hill,turn_radius_m,BODY-CONFIRMED: harness.org.au track register (Firecrawl),club_or_body_direct,ODC-BY (this dataset)
H:tamworth,circumference_m,BODY-CONFIRMED: harness.org.au track register (Firecrawl),club_or_body_direct,ODC-BY (this dataset)
H:tamworth,home_straight_m,BODY-CONFIRMED: harness.org.au track register (Firecrawl),club_or_body_direct,ODC-BY (this dataset)
H:tamworth,sprint_lane,BODY-CONFIRMED: harness.org.au register,club_or_body_direct,ODC-BY (this dataset)
H:tamworth,turn_radius_m,BODY-CONFIRMED: harness.org.au track register (Firecrawl),club_or_body_direct,ODC-BY (this dataset)
H:terang,circumference_m,BODY-CONFIRMED: harness.org.au track register (Firecrawl),club_or_body_direct,ODC-BY (this dataset)
H:terang,home_straight_m,BODY-CONFIRMED: harness.org.au track register (Firecrawl),club_or_body_direct,ODC-BY (this dataset)
H:terang,sprint_lane,BODY-CONFIRMED: harness.org.au register,club_or_body_direct,ODC-BY (this dataset)
H:terang,surface,"CLUB-CONFIRMED: [name removed], club-site screenshot, 2026-08-21 (uid 852)",club_or_body_direct,ODC-BY (this dataset)
H:terang,turn_radius_m,BODY-CONFIRMED: harness.org.au track register (Firecrawl),club_or_body_direct,ODC-BY (this dataset)
H:wagga,home_straight_m,BODY-CONFIRMED: harness.org.au track register (Firecrawl),club_or_body_direct,ODC-BY (this dataset)
H:wagga,sprint_lane,BODY-CONFIRMED: harness.org.au register,club_or_body_direct,ODC-BY (this dataset)
H:wagga,turn_radius_m,BODY-CONFIRMED: harness.org.au track register (Firecrawl),club_or_body_direct,ODC-BY (this dataset)
H:wagin,circumference_m,BODY-CONFIRMED: harness.org.au track register (Firecrawl),club_or_body_direct,ODC-BY (this dataset)
H:wagin,home_straight_m,BODY-CONFIRMED: harness.org.au track register (Firecrawl),club_or_body_direct,ODC-BY (this dataset)
H:wagin,sprint_lane,BODY-CONFIRMED: harness.org.au register,club_or_body_direct,ODC-BY (this dataset)
H:warragul,circumference_m,BODY-CONFIRMED: harness.org.au track register (Firecrawl),club_or_body_direct,ODC-BY (this dataset)
H:warragul,home_straight_m,BODY-CONFIRMED: harness.org.au track register (Firecrawl),club_or_body_direct,ODC-BY (this dataset)
H:warragul,sprint_lane,BODY-CONFIRMED: harness.org.au register,club_or_body_direct,ODC-BY (this dataset)
H:warragul,turn_radius_m,BODY-CONFIRMED: harness.org.au track register (Firecrawl),club_or_body_direct,ODC-BY (this dataset)
H:wedderburn,home_straight_m,BODY-CONFIRMED: harness.org.au track register (Firecrawl),club_or_body_direct,ODC-BY (this dataset)
H:wedderburn,sprint_lane,BODY-CONFIRMED: harness.org.au register,club_or_body_direct,ODC-BY (this dataset)
H:wedderburn,turn_radius_m,BODY-CONFIRMED: harness.org.au track register (Firecrawl),club_or_body_direct,ODC-BY (this dataset)
H:yarra-valley,circumference_m,BODY-CONFIRMED: harness.org.au track register (Firecrawl),club_or_body_direct,ODC-BY (this dataset)
H:yarra-valley,home_straight_m,BODY-CONFIRMED: harness.org.au track register (Firecrawl),club_or_body_direct,ODC-BY (this dataset)
H:yarra-valley,sprint_lane,BODY-CONFIRMED: harness.org.au register,club_or_body_direct,ODC-BY (this dataset)
H:yarra-valley,turn_radius_m,BODY-CONFIRMED: harness.org.au track register (Firecrawl),club_or_body_direct,ODC-BY (this dataset)
H:young,sprint_lane,BODY-CONFIRMED: harness.org.au register,club_or_body_direct,ODC-BY (this dataset)
H:young,turn_radius_m,BODY-CONFIRMED: harness.org.au track register (Firecrawl),club_or_body_direct,ODC-BY (this dataset)
Mudgee,camber_pct,NOT PUBLISHED — camber is not derivable from a plan-view trace,absent,ODC-BY (this dataset)
Mudgee,circumference_m,perimeter of the traced way,other,ODC-BY (this dataset)
Mudgee,geometry,"OpenStreetMap way/291605356 (ODbL), geocoded as, fetched 2026-08-31",openstreetmap,ODbL (OpenStreetMap)
Mudgee,home_straight_deg,"NOT DETERMINED — no grandstand mapped in OSM, so which straight is the home straight is unresolved. Left null rather than guessed: a 50/50 guess inverts every headwind into a tailwind.",absent,ODbL (OpenStreetMap)
Mudgee,turn_radius_m,least-squares circle fit to the bend points,other,ODC-BY (this dataset)
Scone,camber_pct,NOT PUBLISHED — camber is not derivable from a plan-view trace,absent,ODC-BY (this dataset)
Scone,circumference_m,perimeter of the traced way,other,ODC-BY (this dataset)
Scone,geometry,"OpenStreetMap way/86993079 (ODbL), geocoded as, fetched 2026-09-01",openstreetmap,ODbL (OpenStreetMap)
Scone,home_straight_deg,"straight nearest the mapped grandstand at -32.02691,150.83313",other,ODbL (OpenStreetMap)
Scone,turn_radius_m,least-squares circle fit to the bend points,other,ODC-BY (this dataset)
Taree,camber_pct,NOT PUBLISHED — camber is not derivable from a plan-view trace,absent,ODC-BY (this dataset)
Taree,circumference_m,"REJECTED — traced perimeter 3113m is outside the plausible TB lap band 1200-2600m — this way is a partial trace, inner rail or fence",other,ODC-BY (this dataset)
Taree,geometry,"OpenStreetMap way/345718587 (ODbL), geocoded as, fetched 2026-09-01",openstreetmap,ODbL (OpenStreetMap)
Taree,home_straight_deg,"NOT DETERMINED — no grandstand mapped in OSM, so which straight is the home straight is unresolved. Left null rather than guessed: a 50/50 guess inverts every headwind into a tailwind.",absent,ODbL (OpenStreetMap)
Taree,turn_radius_m,REJECTED — a circle fitted to a way that is not the track is not the track's radius,other,ODC-BY (this dataset)
Wyong,camber_pct,NOT PUBLISHED — camber is not derivable from a plan-view trace,absent,ODC-BY (this dataset)
Wyong,circumference_m,"REJECTED — traced perimeter 3032m is outside the plausible TB lap band 1200-2600m — this way is a partial trace, inner rail or fence",other,ODC-BY (this dataset)
Wyong,geometry,"OpenStreetMap way/186090805 (ODbL), geocoded as, fetched 2026-08-31",openstreetmap,ODbL (OpenStreetMap)
Wyong,home_straight_deg,"NOT DETERMINED — no grandstand mapped in OSM, so which straight is the home straight is unresolved. Left null rather than guessed: a 50/50 guess inverts every headwind into a tailwind.",absent,ODbL (OpenStreetMap)
Wyong,turn_radius_m,REJECTED — a circle fitted to a way that is not the track is not the track's radius,other,ODC-BY (this dataset)
albion-park,camber_pct,NOT PUBLISHED — camber is not derivable from a plan-view trace,absent,ODC-BY (this dataset)
albion-park,circumference_m,"REJECTED — traced perimeter 402m is outside the plausible H lap band 600-1550m — this way is a partial trace, inner rail or fence",other,ODC-BY (this dataset)
albion-park,geometry,"OpenStreetMap way/1112409620 (ODbL), geocoded as, fetched 2026-09-01",openstreetmap,ODbL (OpenStreetMap)
albion-park,home_straight_deg,"NOT DETERMINED — no grandstand mapped in OSM, so which straight is the home straight is unresolved. Left null rather than guessed: a 50/50 guess inverts every headwind into a tailwind.",absent,ODbL (OpenStreetMap)
albion-park,turn_radius_m,REJECTED — a circle fitted to a way that is not the track is not the track's radius,other,ODC-BY (this dataset)
albury,camber_pct,NOT PUBLISHED — camber is not derivable from a plan-view trace,absent,ODC-BY (this dataset)
albury,circumference_m,"REJECTED — traced perimeter 3157m is outside the plausible TB lap band 1200-2600m — this way is a partial trace, inner rail or fence",other,ODC-BY (this dataset)
albury,geometry,"OpenStreetMap way/237757730 (ODbL), geocoded as, fetched 2026-09-01",openstreetmap,ODbL (OpenStreetMap)
albury,home_straight_deg,"NOT DETERMINED — no grandstand mapped in OSM, so which straight is the home straight is unresolved. Left null rather than guessed: a 50/50 guess inverts every headwind into a tailwind.",absent,ODbL (OpenStreetMap)
albury,turn_radius_m,REJECTED — a circle fitted to a way that is not the track is not the track's radius,other,ODC-BY (this dataset)
ararat,camber_pct,NOT PUBLISHED — camber is not derivable from a plan-view trace,absent,ODC-BY (this dataset)
ararat,circumference_m,"REJECTED — traced perimeter 1956m is outside the plausible H lap band 600-1550m — this way is a partial trace, inner rail or fence",other,ODC-BY (this dataset)
ararat,geometry,"OpenStreetMap way/338116088 (ODbL), geocoded as, fetched 2026-09-01",openstreetmap,ODbL (OpenStreetMap)
ararat,home_straight_deg,"NOT DETERMINED — no grandstand mapped in OSM, so which straight is the home straight is unresolved. Left null rather than guessed: a 50/50 guess inverts every headwind into a tailwind.",absent,ODbL (OpenStreetMap)
ararat,turn_radius_m,REJECTED — a circle fitted to a way that is not the track is not the track's radius,other,ODC-BY (this dataset)
ascot,camber_pct,NOT PUBLISHED — camber is not derivable from a plan-view trace,absent,ODC-BY (this dataset)
ascot,circumference_m,perimeter of the traced way,other,ODC-BY (this dataset)
ascot,geometry,"OpenStreetMap way/143752287 (ODbL), geocoded as, fetched 2026-09-01",openstreetmap,ODbL (OpenStreetMap)
ascot,home_straight_deg,"NOT DETERMINED — no grandstand mapped in OSM, so which straight is the home straight is unresolved. Left null rather than guessed: a 50/50 guess inverts every headwind into a tailwind.",absent,ODbL (OpenStreetMap)
ascot,turn_radius_m,least-squares circle fit to the bend points,other,ODC-BY (this dataset)
bairnsdale,camber_pct,NOT PUBLISHED — camber is not derivable from a plan-view trace,absent,ODC-BY (this dataset)
bairnsdale,circumference_m,"REJECTED — traced perimeter 844m is outside the plausible TB lap band 1200-2600m — this way is a partial trace, inner rail or fence",other,ODC-BY (this dataset)
bairnsdale,geometry,"OpenStreetMap way/166553261 (ODbL), geocoded as, fetched 2026-08-17",openstreetmap,ODbL (OpenStreetMap)
bairnsdale,home_straight_deg,"NOT DETERMINED — no grandstand mapped in OSM, so which straight is the home straight is unresolved. Left null rather than guessed: a 50/50 guess inverts every headwind into a tailwind.",absent,ODbL (OpenStreetMap)
bairnsdale,turn_radius_m,REJECTED — a circle fitted to a way that is not the track is not the track's radius,other,ODC-BY (this dataset)
balaklava,camber_pct,NOT PUBLISHED — camber is not derivable from a plan-view trace,absent,ODC-BY (this dataset)
balaklava,circumference_m,"REJECTED — traced perimeter 3057m is outside the plausible TB lap band 1200-2600m — this way is a partial trace, inner rail or fence",other,ODC-BY (this dataset)
balaklava,geometry,"OpenStreetMap way/544211969 (ODbL), geocoded as, fetched 2026-09-01",openstreetmap,ODbL (OpenStreetMap)
balaklava,home_straight_deg,"NOT DETERMINED — no grandstand mapped in OSM, so which straight is the home straight is unresolved. Left null rather than guessed: a 50/50 guess inverts every headwind into a tailwind.",absent,ODbL (OpenStreetMap)
balaklava,turn_radius_m,REJECTED — a circle fitted to a way that is not the track is not the track's radius,other,ODC-BY (this dataset)
ballarat,camber_pct,NOT PUBLISHED — camber is not derivable from a plan-view trace,absent,ODC-BY (this dataset)
ballarat,circumference_m,perimeter of the traced way,other,ODC-BY (this dataset)
ballarat,geometry,"OpenStreetMap way/241887101 (ODbL), geocoded as, fetched 2026-09-01",openstreetmap,ODbL (OpenStreetMap)
ballarat,home_straight_deg,"NOT DETERMINED — no grandstand mapped in OSM, so which straight is the home straight is unresolved. Left null rather than guessed: a 50/50 guess inverts every headwind into a tailwind.",absent,ODbL (OpenStreetMap)
ballarat,turn_radius_m,least-squares circle fit to the bend points,other,ODC-BY (this dataset)
bathurst,camber_pct,NOT PUBLISHED — camber is not derivable from a plan-view trace,absent,ODC-BY (this dataset)
bathurst,circumference_m,perimeter of the traced way,other,ODC-BY (this dataset)
bathurst,geometry,"OpenStreetMap way/380745781 (ODbL), geocoded as, fetched 2026-08-31",openstreetmap,ODbL (OpenStreetMap)
bathurst,home_straight_deg,"straight nearest the mapped grandstand at -33.43906,149.55869",other,ODbL (OpenStreetMap)
bathurst,turn_radius_m,least-squares circle fit to the bend points,other,ODC-BY (this dataset)
beaudesert,camber_pct,NOT PUBLISHED — camber is not derivable from a plan-view trace,absent,ODC-BY (this dataset)
beaudesert,circumference_m,"REJECTED — traced perimeter 2979m is outside the plausible TB lap band 1200-2600m — this way is a partial trace, inner rail or fence",other,ODC-BY (this dataset)
beaudesert,geometry,"OpenStreetMap way/176300013 (ODbL), geocoded as, fetched 2026-09-01",openstreetmap,ODbL (OpenStreetMap)
beaudesert,home_straight_deg,"NOT DETERMINED — no grandstand mapped in OSM, so which straight is the home straight is unresolved. Left null rather than guessed: a 50/50 guess inverts every headwind into a tailwind.",absent,ODbL (OpenStreetMap)
beaudesert,turn_radius_m,REJECTED — a circle fitted to a way that is not the track is not the track's radius,other,ODC-BY (this dataset)
belmont,camber_pct,NOT PUBLISHED — camber is not derivable from a plan-view trace,absent,ODC-BY (this dataset)
belmont,circumference_m,perimeter of the traced way,other,ODC-BY (this dataset)
belmont,geometry,"OpenStreetMap way/143752287 (ODbL), geocoded as, fetched 2026-08-31",openstreetmap,ODbL (OpenStreetMap)
belmont,home_straight_deg,"NOT DETERMINED — no grandstand mapped in OSM, so which straight is the home straight is unresolved. Left null rather than guessed: a 50/50 guess inverts every headwind into a tailwind.",absent,ODbL (OpenStreetMap)
belmont,turn_radius_m,least-squares circle fit to the bend points,other,ODC-BY (this dataset)
belmont-park,camber_pct,NOT PUBLISHED — camber is not derivable from a plan-view trace,absent,ODC-BY (this dataset)
belmont-park,circumference_m,perimeter of the traced way,other,ODC-BY (this dataset)
belmont-park,geometry,"OpenStreetMap way/143752287 (ODbL), geocoded as, fetched 2026-09-01",openstreetmap,ODbL (OpenStreetMap)
belmont-park,home_straight_deg,"NOT DETERMINED — no grandstand mapped in OSM, so which straight is the home straight is unresolved. Left null rather than guessed: a 50/50 guess inverts every headwind into a tailwind.",absent,ODbL (OpenStreetMap)
belmont-park,turn_radius_m,least-squares circle fit to the bend points,other,ODC-BY (this dataset)
bendigo,camber_pct,NOT PUBLISHED — camber is not derivable from a plan-view trace,absent,ODC-BY (this dataset)
bendigo,circumference_m,perimeter of the traced way,other,ODC-BY (this dataset)
bendigo,geometry,"OpenStreetMap way/352040812 (ODbL), geocoded as, fetched 2026-09-01",openstreetmap,ODbL (OpenStreetMap)
bendigo,home_straight_deg,"NOT DETERMINED — no grandstand mapped in OSM, so which straight is the home straight is unresolved. Left null rather than guessed: a 50/50 guess inverts every headwind into a tailwind.",absent,ODbL (OpenStreetMap)
bendigo,turn_radius_m,least-squares circle fit to the bend points,other,ODC-BY (this dataset)
broome,camber_pct,NOT PUBLISHED — camber is not derivable from a plan-view trace,absent,ODC-BY (this dataset)
broome,circumference_m,perimeter of the traced way,other,ODC-BY (this dataset)
broome,geometry,"OpenStreetMap way/242338987 (ODbL), geocoded as, fetched 2026-09-01",openstreetmap,ODbL (OpenStreetMap)
broome,home_straight_deg,"NOT DETERMINED — no grandstand mapped in OSM, so which straight is the home straight is unresolved. Left null rather than guessed: a 50/50 guess inverts every headwind into a tailwind.",absent,ODbL (OpenStreetMap)
broome,turn_radius_m,least-squares circle fit to the bend points,other,ODC-BY (this dataset)
bulli,camber_pct,NOT PUBLISHED — camber is not derivable from a plan-view trace,absent,ODC-BY (this dataset)
bulli,circumference_m,"REJECTED — traced perimeter 826m is outside the plausible GR lap band 250-800m — this way is a partial trace, inner rail or fence",other,ODC-BY (this dataset)
bulli,geometry,"OpenStreetMap way/30250056 (ODbL), geocoded as, fetched 2026-09-01",openstreetmap,ODbL (OpenStreetMap)
bulli,home_straight_deg,"straight nearest the mapped grandstand at -34.31854,150.91918",other,ODbL (OpenStreetMap)
bulli,turn_radius_m,REJECTED — a circle fitted to a way that is not the track is not the track's radius,other,ODC-BY (this dataset)
bunbury,camber_pct,NOT PUBLISHED — camber is not derivable from a plan-view trace,absent,ODC-BY (this dataset)
bunbury,circumference_m,perimeter of the traced way,other,ODC-BY (this dataset)
bunbury,geometry,"OpenStreetMap way/165169735 (ODbL), geocoded as, fetched 2026-09-01",openstreetmap,ODbL (OpenStreetMap)
bunbury,home_straight_deg,"NOT DETERMINED — no grandstand mapped in OSM, so which straight is the home straight is unresolved. Left null rather than guessed: a 50/50 guess inverts every headwind into a tailwind.",absent,ODbL (OpenStreetMap)
bunbury,turn_radius_m,least-squares circle fit to the bend points,other,ODC-BY (this dataset)
cairns,camber_pct,NOT PUBLISHED — camber is not derivable from a plan-view trace,absent,ODC-BY (this dataset)
cairns,circumference_m,perimeter of the traced way,other,ODC-BY (this dataset)
cairns,geometry,"OpenStreetMap way/642027443 (ODbL), geocoded as, fetched 2026-08-31",openstreetmap,ODbL (OpenStreetMap)
cairns,home_straight_deg,"NOT DETERMINED — no grandstand mapped in OSM, so which straight is the home straight is unresolved. Left null rather than guessed: a 50/50 guess inverts every headwind into a tailwind.",absent,ODbL (OpenStreetMap)
cairns,turn_radius_m,least-squares circle fit to the bend points,other,ODC-BY (this dataset)
canberra,camber_pct,NOT PUBLISHED — camber is not derivable from a plan-view trace,absent,ODC-BY (this dataset)
canberra,circumference_m,"REJECTED — traced perimeter 3148m is outside the plausible TB lap band 1200-2600m — this way is a partial trace, inner rail or fence",other,ODC-BY (this dataset)
canberra,geometry,"OpenStreetMap way/30974069 (ODbL), geocoded as, fetched 2026-08-17",openstreetmap,ODbL (OpenStreetMap)
canberra,home_straight_deg,"straight nearest the mapped grandstand at -35.23061,149.14619",other,ODbL (OpenStreetMap)
canberra,turn_radius_m,REJECTED — a circle fitted to a way that is not the track is not the track's radius,other,ODC-BY (this dataset)
canterbury,camber_pct,NOT PUBLISHED — camber is not derivable from a plan-view trace,absent,ODC-BY (this dataset)
canterbury,circumference_m,perimeter of the traced way,other,ODC-BY (this dataset)
canterbury,geometry,"OpenStreetMap way/220462768 (ODbL), geocoded as, fetched 2026-08-17",openstreetmap,ODbL (OpenStreetMap)
canterbury,home_straight_deg,"straight nearest the mapped grandstand at -33.90484,151.12117",other,ODbL (OpenStreetMap)
canterbury,turn_radius_m,least-squares circle fit to the bend points,other,ODC-BY (this dataset)
capalaba,camber_pct,NOT PUBLISHED — camber is not derivable from a plan-view trace,absent,ODC-BY (this dataset)
capalaba,circumference_m,perimeter of the traced way,other,ODC-BY (this dataset)
capalaba,geometry,"OpenStreetMap way/798306355 (ODbL), geocoded as, fetched 2026-08-17",openstreetmap,ODbL (OpenStreetMap)
capalaba,home_straight_deg,"NOT DETERMINED — no grandstand mapped in OSM, so which straight is the home straight is unresolved. Left null rather than guessed: a 50/50 guess inverts every headwind into a tailwind.",absent,ODbL (OpenStreetMap)
capalaba,turn_radius_m,least-squares circle fit to the bend points,other,ODC-BY (this dataset)
casino,camber_pct,NOT PUBLISHED — camber is not derivable from a plan-view trace,absent,ODC-BY (this dataset)
casino,circumference_m,perimeter of the traced way,other,ODC-BY (this dataset)
casino,geometry,"OpenStreetMap way/1370140039 (ODbL), geocoded as, fetched 2026-08-17",openstreetmap,ODbL (OpenStreetMap)
casino,home_straight_deg,"NOT DETERMINED — no grandstand mapped in OSM, so which straight is the home straight is unresolved. Left null rather than guessed: a 50/50 guess inverts every headwind into a tailwind.",absent,ODbL (OpenStreetMap)
casino,turn_radius_m,least-squares circle fit to the bend points,other,ODC-BY (this dataset)
casterton,camber_pct,NOT PUBLISHED — camber is not derivable from a plan-view trace,absent,ODC-BY (this dataset)
casterton,circumference_m,"REJECTED — traced perimeter 2984m is outside the plausible TB lap band 1200-2600m — this way is a partial trace, inner rail or fence",other,ODC-BY (this dataset)
casterton,geometry,"OpenStreetMap way/190725131 (ODbL), geocoded as, fetched 2026-09-01",openstreetmap,ODbL (OpenStreetMap)
casterton,home_straight_deg,"NOT DETERMINED — no grandstand mapped in OSM, so which straight is the home straight is unresolved. Left null rather than guessed: a 50/50 guess inverts every headwind into a tailwind.",absent,ODbL (OpenStreetMap)
casterton,turn_radius_m,REJECTED — a circle fitted to a way that is not the track is not the track's radius,other,ODC-BY (this dataset)
caulfield,camber_pct,NOT PUBLISHED — camber is not derivable from a plan-view trace,absent,ODC-BY (this dataset)
caulfield,circumference_m,"REJECTED — traced perimeter 3258m is outside the plausible TB lap band 1200-2600m — this way is a partial trace, inner rail or fence",other,ODC-BY (this dataset)
caulfield,geometry,"OpenStreetMap way/46418586 (ODbL), geocoded as, fetched 2026-08-17",openstreetmap,ODbL (OpenStreetMap)
caulfield,home_straight_deg,"straight nearest the mapped grandstand at -37.87779,145.03852",other,ODbL (OpenStreetMap)
caulfield,turn_radius_m,REJECTED — a circle fitted to a way that is not the track is not the track's radius,other,ODC-BY (this dataset)
darwin,camber_pct,NOT PUBLISHED — camber is not derivable from a plan-view trace,absent,ODC-BY (this dataset)
darwin,circumference_m,perimeter of the traced way,other,ODC-BY (this dataset)
darwin,geometry,"OpenStreetMap way/314762193 (ODbL), geocoded as, fetched 2026-08-17",openstreetmap,ODbL (OpenStreetMap)
darwin,home_straight_deg,"NOT DETERMINED — no grandstand mapped in OSM, so which straight is the home straight is unresolved. Left null rather than guessed: a 50/50 guess inverts every headwind into a tailwind.",absent,ODbL (OpenStreetMap)
darwin,turn_radius_m,least-squares circle fit to the bend points,other,ODC-BY (this dataset)
devonport,camber_pct,NOT PUBLISHED — camber is not derivable from a plan-view trace,absent,ODC-BY (this dataset)
devonport,circumference_m,perimeter of the traced way,other,ODC-BY (this dataset)
devonport,geometry,"OpenStreetMap way/395476298 (ODbL), geocoded as, fetched 2026-09-01",openstreetmap,ODbL (OpenStreetMap)
devonport,home_straight_deg,"NOT DETERMINED — no grandstand mapped in OSM, so which straight is the home straight is unresolved. Left null rather than guessed: a 50/50 guess inverts every headwind into a tailwind.",absent,ODbL (OpenStreetMap)
devonport,turn_radius_m,least-squares circle fit to the bend points,other,ODC-BY (this dataset)
doomben,camber_pct,NOT PUBLISHED — camber is not derivable from a plan-view trace,absent,ODC-BY (this dataset)
doomben,circumference_m,perimeter of the traced way,other,ODC-BY (this dataset)
doomben,geometry,"OpenStreetMap way/126048444 (ODbL), geocoded as, fetched 2026-08-17",openstreetmap,ODbL (OpenStreetMap)
doomben,home_straight_deg,"NOT DETERMINED — no grandstand mapped in OSM, so which straight is the home straight is unresolved. Left null rather than guessed: a 50/50 guess inverts every headwind into a tailwind.",absent,ODbL (OpenStreetMap)
doomben,turn_radius_m,least-squares circle fit to the bend points,other,ODC-BY (this dataset)
dubbo,camber_pct,NOT PUBLISHED — camber is not derivable from a plan-view trace,absent,ODC-BY (this dataset)
dubbo,circumference_m,perimeter of the traced way,other,ODC-BY (this dataset)
dubbo,geometry,"OpenStreetMap way/619945785 (ODbL), geocoded as, fetched 2026-09-01",openstreetmap,ODbL (OpenStreetMap)
dubbo,home_straight_deg,"NOT DETERMINED — no grandstand mapped in OSM, so which straight is the home straight is unresolved. Left null rather than guessed: a 50/50 guess inverts every headwind into a tailwind.",absent,ODbL (OpenStreetMap)
dubbo,turn_radius_m,least-squares circle fit to the bend points,other,ODC-BY (this dataset)
flemington,camber_pct,NOT PUBLISHED — camber is not derivable from a plan-view trace,absent,ODC-BY (this dataset)
flemington,circumference_m,perimeter of the traced way,other,ODC-BY (this dataset)
flemington,geometry,"OpenStreetMap way/5077842 (ODbL), geocoded as, fetched 2026-09-01",openstreetmap,ODbL (OpenStreetMap)
flemington,home_straight_deg,"NOT DETERMINED — no grandstand mapped in OSM, so which straight is the home straight is unresolved. Left null rather than guessed: a 50/50 guess inverts every headwind into a tailwind.",absent,ODbL (OpenStreetMap)
flemington,turn_radius_m,least-squares circle fit to the bend points,other,ODC-BY (this dataset)
geelong,camber_pct,NOT PUBLISHED — camber is not derivable from a plan-view trace,absent,ODC-BY (this dataset)
geelong,circumference_m,perimeter of the traced way,other,ODC-BY (this dataset)
geelong,geometry,"OpenStreetMap way/51071778 (ODbL), geocoded as, fetched 2026-09-01",openstreetmap,ODbL (OpenStreetMap)
geelong,home_straight_deg,"NOT DETERMINED — no grandstand mapped in OSM, so which straight is the home straight is unresolved. Left null rather than guessed: a 50/50 guess inverts every headwind into a tailwind.",absent,ODbL (OpenStreetMap)
geelong,turn_radius_m,least-squares circle fit to the bend points,other,ODC-BY (this dataset)
gold-coast,camber_pct,NOT PUBLISHED — camber is not derivable from a plan-view trace,absent,ODC-BY (this dataset)
gold-coast,circumference_m,"REJECTED — traced perimeter 3061m is outside the plausible TB lap band 1200-2600m — this way is a partial trace, inner rail or fence",other,ODC-BY (this dataset)
gold-coast,geometry,"OpenStreetMap way/19606707 (ODbL), geocoded as, fetched 2026-08-17",openstreetmap,ODbL (OpenStreetMap)
gold-coast,home_straight_deg,"NOT DETERMINED — no grandstand mapped in OSM, so which straight is the home straight is unresolved. Left null rather than guessed: a 50/50 guess inverts every headwind into a tailwind.",absent,ODbL (OpenStreetMap)
gold-coast,turn_radius_m,REJECTED — a circle fitted to a way that is not the track is not the track's radius,other,ODC-BY (this dataset)
gosford,camber_pct,NOT PUBLISHED — camber is not derivable from a plan-view trace,absent,ODC-BY (this dataset)
gosford,circumference_m,perimeter of the traced way,other,ODC-BY (this dataset)
gosford,geometry,"OpenStreetMap way/50161742 (ODbL), geocoded as, fetched 2026-09-01",openstreetmap,ODbL (OpenStreetMap)
gosford,home_straight_deg,"NOT DETERMINED — no grandstand mapped in OSM, so which straight is the home straight is unresolved. Left null rather than guessed: a 50/50 guess inverts every headwind into a tailwind.",absent,ODbL (OpenStreetMap)
gosford,turn_radius_m,least-squares circle fit to the bend points,other,ODC-BY (this dataset)
grafton,camber_pct,NOT PUBLISHED — camber is not derivable from a plan-view trace,absent,ODC-BY (this dataset)
grafton,circumference_m,perimeter of the traced way,other,ODC-BY (this dataset)
grafton,geometry,"OpenStreetMap way/369837540 (ODbL), geocoded as, fetched 2026-09-01",openstreetmap,ODbL (OpenStreetMap)
grafton,home_straight_deg,"NOT DETERMINED — no grandstand mapped in OSM, so which straight is the home straight is unresolved. Left null rather than guessed: a 50/50 guess inverts every headwind into a tailwind.",absent,ODbL (OpenStreetMap)
grafton,turn_radius_m,least-squares circle fit to the bend points,other,ODC-BY (this dataset)
gundagai,camber_pct,NOT PUBLISHED — camber is not derivable from a plan-view trace,absent,ODC-BY (this dataset)
gundagai,circumference_m,"REJECTED — traced perimeter 664m is outside the plausible TB lap band 1200-2600m — this way is a partial trace, inner rail or fence",other,ODC-BY (this dataset)
gundagai,geometry,"OpenStreetMap way/229236162 (ODbL), geocoded as, fetched 2026-09-01",openstreetmap,ODbL (OpenStreetMap)
gundagai,home_straight_deg,"NOT DETERMINED — no grandstand mapped in OSM, so which straight is the home straight is unresolved. Left null rather than guessed: a 50/50 guess inverts every headwind into a tailwind.",absent,ODbL (OpenStreetMap)
gundagai,turn_radius_m,REJECTED — a circle fitted to a way that is not the track is not the track's radius,other,ODC-BY (this dataset)
gympie,camber_pct,NOT PUBLISHED — camber is not derivable from a plan-view trace,absent,ODC-BY (this dataset)
gympie,circumference_m,perimeter of the traced way,other,ODC-BY (this dataset)
gympie,geometry,"OpenStreetMap way/24314579 (ODbL), geocoded as, fetched 2026-09-01",openstreetmap,ODbL (OpenStreetMap)
gympie,home_straight_deg,"NOT DETERMINED — no grandstand mapped in OSM, so which straight is the home straight is unresolved. Left null rather than guessed: a 50/50 guess inverts every headwind into a tailwind.",absent,ODbL (OpenStreetMap)
gympie,turn_radius_m,least-squares circle fit to the bend points,other,ODC-BY (this dataset)
hamilton,camber_pct,NOT PUBLISHED — camber is not derivable from a plan-view trace,absent,ODC-BY (this dataset)
hamilton,circumference_m,"REJECTED — traced perimeter 849m is outside the plausible TB lap band 1200-2600m — this way is a partial trace, inner rail or fence",other,ODC-BY (this dataset)
hamilton,geometry,"OpenStreetMap way/1274840296 (ODbL), geocoded as, fetched 2026-09-01",openstreetmap,ODbL (OpenStreetMap)
hamilton,home_straight_deg,"NOT DETERMINED — no grandstand mapped in OSM, so which straight is the home straight is unresolved. Left null rather than guessed: a 50/50 guess inverts every headwind into a tailwind.",absent,ODbL (OpenStreetMap)
hamilton,turn_radius_m,REJECTED — a circle fitted to a way that is not the track is not the track's radius,other,ODC-BY (this dataset)
hawkesbury,camber_pct,NOT PUBLISHED — camber is not derivable from a plan-view trace,absent,ODC-BY (this dataset)
hawkesbury,circumference_m,"REJECTED — traced perimeter 403m is outside the plausible TB lap band 1200-2600m — this way is a partial trace, inner rail or fence",other,ODC-BY (this dataset)
hawkesbury,geometry,"OpenStreetMap way/285881640 (ODbL), geocoded as, fetched 2026-09-01",openstreetmap,ODbL (OpenStreetMap)
hawkesbury,home_straight_deg,"NOT DETERMINED — no grandstand mapped in OSM, so which straight is the home straight is unresolved. Left null rather than guessed: a 50/50 guess inverts every headwind into a tailwind.",absent,ODbL (OpenStreetMap)
hawkesbury,turn_radius_m,REJECTED — a circle fitted to a way that is not the track is not the track's radius,other,ODC-BY (this dataset)
hobart,camber_pct,NOT PUBLISHED — camber is not derivable from a plan-view trace,absent,ODC-BY (this dataset)
hobart,circumference_m,"REJECTED — traced perimeter 219m is outside the plausible H lap band 600-1550m — this way is a partial trace, inner rail or fence",other,ODC-BY (this dataset)
hobart,geometry,"OpenStreetMap way/730665872 (ODbL), geocoded as, fetched 2026-09-01",openstreetmap,ODbL (OpenStreetMap)
hobart,home_straight_deg,"NOT DETERMINED — no grandstand mapped in OSM, so which straight is the home straight is unresolved. Left null rather than guessed: a 50/50 guess inverts every headwind into a tailwind.",absent,ODbL (OpenStreetMap)
hobart,turn_radius_m,REJECTED — a circle fitted to a way that is not the track is not the track's radius,other,ODC-BY (this dataset)
ipswich,camber_pct,NOT PUBLISHED — camber is not derivable from a plan-view trace,absent,ODC-BY (this dataset)
ipswich,circumference_m,perimeter of the traced way,other,ODC-BY (this dataset)
ipswich,geometry,"OpenStreetMap way/333416156 (ODbL), geocoded as, fetched 2026-09-01",openstreetmap,ODbL (OpenStreetMap)
ipswich,home_straight_deg,"straight nearest the mapped grandstand at -27.61071,152.80270",other,ODbL (OpenStreetMap)
ipswich,turn_radius_m,least-squares circle fit to the bend points,other,ODC-BY (this dataset)
kembla-grange,camber_pct,NOT PUBLISHED — camber is not derivable from a plan-view trace,absent,ODC-BY (this dataset)
kembla-grange,circumference_m,perimeter of the traced way,other,ODC-BY (this dataset)
kembla-grange,geometry,"OpenStreetMap way/473887491 (ODbL), geocoded as, fetched 2026-09-01",openstreetmap,ODbL (OpenStreetMap)
kembla-grange,home_straight_deg,"straight nearest the mapped grandstand at -34.46851,150.81860",other,ODbL (OpenStreetMap)
kembla-grange,turn_radius_m,least-squares circle fit to the bend points,other,ODC-BY (this dataset)
kilcoy,camber_pct,NOT PUBLISHED — camber is not derivable from a plan-view trace,absent,ODC-BY (this dataset)
kilcoy,circumference_m,perimeter of the traced way,other,ODC-BY (this dataset)
kilcoy,geometry,"OpenStreetMap way/161935526 (ODbL), geocoded as, fetched 2026-09-01",openstreetmap,ODbL (OpenStreetMap)
kilcoy,home_straight_deg,"NOT DETERMINED — no grandstand mapped in OSM, so which straight is the home straight is unresolved. Left null rather than guessed: a 50/50 guess inverts every headwind into a tailwind.",absent,ODbL (OpenStreetMap)
kilcoy,turn_radius_m,least-squares circle fit to the bend points,other,ODC-BY (this dataset)
kyneton,camber_pct,NOT PUBLISHED — camber is not derivable from a plan-view trace,absent,ODC-BY (this dataset)
kyneton,circumference_m,perimeter of the traced way,other,ODC-BY (this dataset)
kyneton,geometry,"OpenStreetMap way/71299482 (ODbL), geocoded as, fetched 2026-09-01",openstreetmap,ODbL (OpenStreetMap)
kyneton,home_straight_deg,"straight nearest the mapped grandstand at -37.24382,144.45471",other,ODbL (OpenStreetMap)
kyneton,turn_radius_m,least-squares circle fit to the bend points,other,ODC-BY (this dataset)
launceston,camber_pct,NOT PUBLISHED — camber is not derivable from a plan-view trace,absent,ODC-BY (this dataset)
launceston,circumference_m,perimeter of the traced way,other,ODC-BY (this dataset)
launceston,geometry,"OpenStreetMap way/71883600 (ODbL), geocoded as, fetched 2026-08-17",openstreetmap,ODbL (OpenStreetMap)
launceston,home_straight_deg,"NOT DETERMINED — no grandstand mapped in OSM, so which straight is the home straight is unresolved. Left null rather than guessed: a 50/50 guess inverts every headwind into a tailwind.",absent,ODbL (OpenStreetMap)
launceston,turn_radius_m,least-squares circle fit to the bend points,other,ODC-BY (this dataset)
leeton,camber_pct,NOT PUBLISHED — camber is not derivable from a plan-view trace,absent,ODC-BY (this dataset)
leeton,circumference_m,"REJECTED — traced perimeter 1745m is outside the plausible H lap band 600-1550m — this way is a partial trace, inner rail or fence",other,ODC-BY (this dataset)
leeton,geometry,"OpenStreetMap way/366945099 (ODbL), geocoded as, fetched 2026-09-01",openstreetmap,ODbL (OpenStreetMap)
leeton,home_straight_deg,"NOT DETERMINED — no grandstand mapped in OSM, so which straight is the home straight is unresolved. Left null rather than guessed: a 50/50 guess inverts every headwind into a tailwind.",absent,ODbL (OpenStreetMap)
leeton,turn_radius_m,REJECTED — a circle fitted to a way that is not the track is not the track's radius,other,ODC-BY (this dataset)
lismore,camber_pct,NOT PUBLISHED — camber is not derivable from a plan-view trace,absent,ODC-BY (this dataset)
lismore,circumference_m,"REJECTED — traced perimeter 657m is outside the plausible TB lap band 1200-2600m — this way is a partial trace, inner rail or fence",other,ODC-BY (this dataset)
lismore,geometry,"OpenStreetMap way/914358643 (ODbL), geocoded as, fetched 2026-08-17",openstreetmap,ODbL (OpenStreetMap)
lismore,home_straight_deg,"NOT DETERMINED — no grandstand mapped in OSM, so which straight is the home straight is unresolved. Left null rather than guessed: a 50/50 guess inverts every headwind into a tailwind.",absent,ODbL (OpenStreetMap)
lismore,turn_radius_m,REJECTED — a circle fitted to a way that is not the track is not the track's radius,other,ODC-BY (this dataset)
mackay,camber_pct,NOT PUBLISHED — camber is not derivable from a plan-view trace,absent,ODC-BY (this dataset)
mackay,circumference_m,perimeter of the traced way,other,ODC-BY (this dataset)
mackay,geometry,"OpenStreetMap way/182539603 (ODbL), geocoded as, fetched 2026-09-01",openstreetmap,ODbL (OpenStreetMap)
mackay,home_straight_deg,"NOT DETERMINED — no grandstand mapped in OSM, so which straight is the home straight is unresolved. Left null rather than guessed: a 50/50 guess inverts every headwind into a tailwind.",absent,ODbL (OpenStreetMap)
mackay,turn_radius_m,least-squares circle fit to the bend points,other,ODC-BY (this dataset)
maitland,camber_pct,NOT PUBLISHED — camber is not derivable from a plan-view trace,absent,ODC-BY (this dataset)
maitland,circumference_m,perimeter of the traced way,other,ODC-BY (this dataset)
maitland,geometry,"OpenStreetMap way/1159117753 (ODbL), geocoded as, fetched 2026-09-01",openstreetmap,ODbL (OpenStreetMap)
maitland,home_straight_deg,"straight nearest the mapped grandstand at -32.73647,151.56325",other,ODbL (OpenStreetMap)
maitland,turn_radius_m,least-squares circle fit to the bend points,other,ODC-BY (this dataset)
melton,camber_pct,same page (14% camber),other,ODC-BY (this dataset)
melton,circumference_m,"Melton Entertainment Park, meltonentertainmentpark.com.au/racing/about-tabcorp-park-track/ — retrieved 2026-08-17",published_web,ODC-BY (this dataset)
melton,straight_bearings,NOT MEASURED — absent,absent,ODbL (OpenStreetMap)
melton,turn_radius_m,"NOT PUBLISHED — absent, fails Gate 2 radius check",absent,ODC-BY (this dataset)
menangle,camber_pct,NOT PUBLISHED — camber is not derivable from a plan-view trace,absent,ODC-BY (this dataset)
menangle,circumference_m,perimeter of the traced way,other,ODC-BY (this dataset)
menangle,geometry,"OpenStreetMap way/175815737 (ODbL), geocoded as, fetched 2026-09-01",openstreetmap,ODbL (OpenStreetMap)
menangle,home_straight_deg,"NOT DETERMINED — no grandstand mapped in OSM, so which straight is the home straight is unresolved. Left null rather than guessed: a 50/50 guess inverts every headwind into a tailwind.",absent,ODbL (OpenStreetMap)
menangle,turn_radius_m,least-squares circle fit to the bend points,other,ODC-BY (this dataset)
mildura,camber_pct,NOT PUBLISHED — camber is not derivable from a plan-view trace,absent,ODC-BY (this dataset)
mildura,circumference_m,"REJECTED — traced perimeter 206m is outside the plausible H lap band 600-1550m — this way is a partial trace, inner rail or fence",other,ODC-BY (this dataset)
mildura,geometry,"OpenStreetMap way/749101528 (ODbL), geocoded as, fetched 2026-08-17",openstreetmap,ODbL (OpenStreetMap)
mildura,home_straight_deg,"NOT DETERMINED — no grandstand mapped in OSM, so which straight is the home straight is unresolved. Left null rather than guessed: a 50/50 guess inverts every headwind into a tailwind.",absent,ODbL (OpenStreetMap)
mildura,turn_radius_m,REJECTED — a circle fitted to a way that is not the track is not the track's radius,other,ODC-BY (this dataset)
moonee-valley,camber_pct,NOT PUBLISHED — camber is not derivable from a plan-view trace,absent,ODC-BY (this dataset)
moonee-valley,circumference_m,perimeter of the traced way,other,ODC-BY (this dataset)
moonee-valley,geometry,"OpenStreetMap way/5077842 (ODbL), geocoded as, fetched 2026-09-01",openstreetmap,ODbL (OpenStreetMap)
moonee-valley,home_straight_deg,"straight nearest the mapped grandstand at -37.76450,144.95099",other,ODbL (OpenStreetMap)
moonee-valley,turn_radius_m,least-squares circle fit to the bend points,other,ODC-BY (this dataset)
mornington,camber_pct,NOT PUBLISHED — camber is not derivable from a plan-view trace,absent,ODC-BY (this dataset)
mornington,circumference_m,"REJECTED — traced perimeter 3209m is outside the plausible TB lap band 1200-2600m — this way is a partial trace, inner rail or fence",other,ODC-BY (this dataset)
mornington,geometry,"OpenStreetMap way/28483920 (ODbL), geocoded as, fetched 2026-09-01",openstreetmap,ODbL (OpenStreetMap)
mornington,home_straight_deg,"NOT DETERMINED — no grandstand mapped in OSM, so which straight is the home straight is unresolved. Left null rather than guessed: a 50/50 guess inverts every headwind into a tailwind.",absent,ODbL (OpenStreetMap)
mornington,turn_radius_m,REJECTED — a circle fitted to a way that is not the track is not the track's radius,other,ODC-BY (this dataset)
morphettville,camber_pct,NOT PUBLISHED — camber is not derivable from a plan-view trace,absent,ODC-BY (this dataset)
morphettville,circumference_m,perimeter of the traced way,other,ODC-BY (this dataset)
morphettville,geometry,"OpenStreetMap way/1037464145 (ODbL), geocoded as, fetched 2026-08-17",openstreetmap,ODbL (OpenStreetMap)
morphettville,home_straight_deg,"NOT DETERMINED — no grandstand mapped in OSM, so which straight is the home straight is unresolved. Left null rather than guessed: a 50/50 guess inverts every headwind into a tailwind.",absent,ODbL (OpenStreetMap)
morphettville,turn_radius_m,least-squares circle fit to the bend points,other,ODC-BY (this dataset)
murtoa,camber_pct,NOT PUBLISHED — camber is not derivable from a plan-view trace,absent,ODC-BY (this dataset)
murtoa,circumference_m,"REJECTED — traced perimeter 2851m is outside the plausible TB lap band 1200-2600m — this way is a partial trace, inner rail or fence",other,ODC-BY (this dataset)
murtoa,geometry,"OpenStreetMap way/112317981 (ODbL), geocoded as, fetched 2026-09-01",openstreetmap,ODbL (OpenStreetMap)
murtoa,home_straight_deg,"NOT DETERMINED — no grandstand mapped in OSM, so which straight is the home straight is unresolved. Left null rather than guessed: a 50/50 guess inverts every headwind into a tailwind.",absent,ODbL (OpenStreetMap)
murtoa,turn_radius_m,REJECTED — a circle fitted to a way that is not the track is not the track's radius,other,ODC-BY (this dataset)
muswellbrook,camber_pct,NOT PUBLISHED — camber is not derivable from a plan-view trace,absent,ODC-BY (this dataset)
muswellbrook,circumference_m,perimeter of the traced way,other,ODC-BY (this dataset)
muswellbrook,geometry,"OpenStreetMap way/87019449 (ODbL), geocoded as, fetched 2026-08-17",openstreetmap,ODbL (OpenStreetMap)
muswellbrook,home_straight_deg,"NOT DETERMINED — no grandstand mapped in OSM, so which straight is the home straight is unresolved. Left null rather than guessed: a 50/50 guess inverts every headwind into a tailwind.",absent,ODbL (OpenStreetMap)
muswellbrook,turn_radius_m,least-squares circle fit to the bend points,other,ODC-BY (this dataset)
newcastle,camber_pct,NOT PUBLISHED — camber is not derivable from a plan-view trace,absent,ODC-BY (this dataset)
newcastle,circumference_m,"REJECTED — traced perimeter 758m is outside the plausible TB lap band 1200-2600m — this way is a partial trace, inner rail or fence",other,ODC-BY (this dataset)
newcastle,geometry,"OpenStreetMap way/60725903 (ODbL), geocoded as, fetched 2026-09-01",openstreetmap,ODbL (OpenStreetMap)
newcastle,home_straight_deg,"NOT DETERMINED — no grandstand mapped in OSM, so which straight is the home straight is unresolved. Left null rather than guessed: a 50/50 guess inverts every headwind into a tailwind.",absent,ODbL (OpenStreetMap)
newcastle,turn_radius_m,REJECTED — a circle fitted to a way that is not the track is not the track's radius,other,ODC-BY (this dataset)
nowra,camber_pct,NOT PUBLISHED — camber is not derivable from a plan-view trace,absent,ODC-BY (this dataset)
nowra,circumference_m,"REJECTED — traced perimeter 2715m is outside the plausible TB lap band 1200-2600m — this way is a partial trace, inner rail or fence",other,ODC-BY (this dataset)
nowra,geometry,"OpenStreetMap way/1447022915 (ODbL), geocoded as, fetched 2026-08-17",openstreetmap,ODbL (OpenStreetMap)
nowra,home_straight_deg,"NOT DETERMINED — no grandstand mapped in OSM, so which straight is the home straight is unresolved. Left null rather than guessed: a 50/50 guess inverts every headwind into a tailwind.",absent,ODbL (OpenStreetMap)
nowra,turn_radius_m,REJECTED — a circle fitted to a way that is not the track is not the track's radius,other,ODC-BY (this dataset)
pakenham,camber_pct,NOT PUBLISHED — camber is not derivable from a plan-view trace,absent,ODC-BY (this dataset)
pakenham,circumference_m,"REJECTED — traced perimeter 6197m is outside the plausible TB lap band 1200-2600m — this way is a partial trace, inner rail or fence",other,ODC-BY (this dataset)
pakenham,geometry,"OpenStreetMap way/330035364 (ODbL), geocoded as, fetched 2026-08-17",openstreetmap,ODbL (OpenStreetMap)
pakenham,home_straight_deg,"NOT DETERMINED — no grandstand mapped in OSM, so which straight is the home straight is unresolved. Left null rather than guessed: a 50/50 guess inverts every headwind into a tailwind.",absent,ODbL (OpenStreetMap)
pakenham,turn_radius_m,REJECTED — a circle fitted to a way that is not the track is not the track's radius,other,ODC-BY (this dataset)
parkes,camber_pct,NOT PUBLISHED — camber is not derivable from a plan-view trace,absent,ODC-BY (this dataset)
parkes,circumference_m,perimeter of the traced way,other,ODC-BY (this dataset)
parkes,geometry,"OpenStreetMap way/369088254 (ODbL), geocoded as, fetched 2026-09-01",openstreetmap,ODbL (OpenStreetMap)
parkes,home_straight_deg,"NOT DETERMINED — no grandstand mapped in OSM, so which straight is the home straight is unresolved. Left null rather than guessed: a 50/50 guess inverts every headwind into a tailwind.",absent,ODbL (OpenStreetMap)
parkes,turn_radius_m,least-squares circle fit to the bend points,other,ODC-BY (this dataset)
penrith,camber_pct,NOT PUBLISHED — camber is not derivable from a plan-view trace,absent,ODC-BY (this dataset)
penrith,circumference_m,perimeter of the traced way,other,ODC-BY (this dataset)
penrith,geometry,"OpenStreetMap way/117926627 (ODbL), geocoded as, fetched 2026-09-01",openstreetmap,ODbL (OpenStreetMap)
penrith,home_straight_deg,"NOT DETERMINED — no grandstand mapped in OSM, so which straight is the home straight is unresolved. Left null rather than guessed: a 50/50 guess inverts every headwind into a tailwind.",absent,ODbL (OpenStreetMap)
penrith,turn_radius_m,least-squares circle fit to the bend points,other,ODC-BY (this dataset)
pinjarra,camber_pct,NOT PUBLISHED — camber is not derivable from a plan-view trace,absent,ODC-BY (this dataset)
pinjarra,circumference_m,"REJECTED — traced way is not closed, so it is not a lap — WAY IS NOT CLOSED, not a lap distance",other,ODC-BY (this dataset)
pinjarra,geometry,"OpenStreetMap way/50347558 (ODbL), geocoded as, fetched 2026-09-01",openstreetmap,ODbL (OpenStreetMap)
pinjarra,home_straight_deg,"NOT DETERMINED — no grandstand mapped in OSM, so which straight is the home straight is unresolved. Left null rather than guessed: a 50/50 guess inverts every headwind into a tailwind.",absent,ODbL (OpenStreetMap)
pinjarra,turn_radius_m,REJECTED — a circle fitted to a way that is not the track is not the track's radius,other,ODC-BY (this dataset)
port-augusta,camber_pct,NOT PUBLISHED — camber is not derivable from a plan-view trace,absent,ODC-BY (this dataset)
port-augusta,circumference_m,perimeter of the traced way,other,ODC-BY (this dataset)
port-augusta,geometry,"OpenStreetMap way/157800921 (ODbL), geocoded as, fetched 2026-09-01",openstreetmap,ODbL (OpenStreetMap)
port-augusta,home_straight_deg,"NOT DETERMINED — no grandstand mapped in OSM, so which straight is the home straight is unresolved. Left null rather than guessed: a 50/50 guess inverts every headwind into a tailwind.",absent,ODbL (OpenStreetMap)
port-augusta,turn_radius_m,least-squares circle fit to the bend points,other,ODC-BY (this dataset)
port-macquarie,camber_pct,NOT PUBLISHED — camber is not derivable from a plan-view trace,absent,ODC-BY (this dataset)
port-macquarie,circumference_m,"REJECTED — traced perimeter 392m is outside the plausible TB lap band 1200-2600m — this way is a partial trace, inner rail or fence",other,ODC-BY (this dataset)
port-macquarie,geometry,"OpenStreetMap way/386416052 (ODbL), geocoded as, fetched 2026-09-01",openstreetmap,ODbL (OpenStreetMap)
port-macquarie,home_straight_deg,"NOT DETERMINED — no grandstand mapped in OSM, so which straight is the home straight is unresolved. Left null rather than guessed: a 50/50 guess inverts every headwind into a tailwind.",absent,ODbL (OpenStreetMap)
port-macquarie,turn_radius_m,REJECTED — a circle fitted to a way that is not the track is not the track's radius,other,ODC-BY (this dataset)
randwick,camber_pct,NOT PUBLISHED — camber is not derivable from a plan-view trace,absent,ODC-BY (this dataset)
randwick,circumference_m,"REJECTED — traced perimeter 524m is outside the plausible TB lap band 1200-2600m — this way is a partial trace, inner rail or fence",other,ODC-BY (this dataset)
randwick,geometry,"OpenStreetMap way/296110286 (ODbL), geocoded as, fetched 2026-09-01",openstreetmap,ODbL (OpenStreetMap)
randwick,home_straight_deg,"straight nearest the mapped grandstand at -33.90744,151.22880",other,ODbL (OpenStreetMap)
randwick,turn_radius_m,REJECTED — a circle fitted to a way that is not the track is not the track's radius,other,ODC-BY (this dataset)
redcliffe,camber_pct,NOT PUBLISHED — camber is not derivable from a plan-view trace,absent,ODC-BY (this dataset)
redcliffe,circumference_m,"Redcliffe Harness Racing Club, redcliffehrc.com.au/racing/ (835m circumference, 72m radius of turns) — retrieved 2026-08-17",published_web,ODC-BY (this dataset)
redcliffe,geometry,"OpenStreetMap way/443026577 (ODbL), geocoded as, fetched 2026-09-01",openstreetmap,ODbL (OpenStreetMap)
redcliffe,home_straight_deg,"NOT DETERMINED — no grandstand mapped in OSM, so which straight is the home straight is unresolved. Left null rather than guessed: a 50/50 guess inverts every headwind into a tailwind.",absent,ODbL (OpenStreetMap)
redcliffe,turn_radius_m,same,other,ODC-BY (this dataset)
richmond,camber_pct,NOT PUBLISHED — camber is not derivable from a plan-view trace,absent,ODC-BY (this dataset)
richmond,circumference_m,perimeter of the traced way,other,ODC-BY (this dataset)
richmond,geometry,"OpenStreetMap way/258077781 (ODbL), geocoded as, fetched 2026-09-01",openstreetmap,ODbL (OpenStreetMap)
richmond,home_straight_deg,"NOT DETERMINED — no grandstand mapped in OSM, so which straight is the home straight is unresolved. Left null rather than guessed: a 50/50 guess inverts every headwind into a tailwind.",absent,ODbL (OpenStreetMap)
richmond,turn_radius_m,least-squares circle fit to the bend points,other,ODC-BY (this dataset)
sapphire-coast,camber_pct,NOT PUBLISHED — camber is not derivable from a plan-view trace,absent,ODC-BY (this dataset)
sapphire-coast,circumference_m,"REJECTED — traced perimeter 3266m is outside the plausible TB lap band 1200-2600m — this way is a partial trace, inner rail or fence",other,ODC-BY (this dataset)
sapphire-coast,geometry,"OpenStreetMap way/157964396 (ODbL), geocoded as, fetched 2026-09-01",openstreetmap,ODbL (OpenStreetMap)
sapphire-coast,home_straight_deg,"NOT DETERMINED — no grandstand mapped in OSM, so which straight is the home straight is unresolved. Left null rather than guessed: a 50/50 guess inverts every headwind into a tailwind.",absent,ODbL (OpenStreetMap)
sapphire-coast,turn_radius_m,REJECTED — a circle fitted to a way that is not the track is not the track's radius,other,ODC-BY (this dataset)
scone,camber_pct,NOT PUBLISHED — camber is not derivable from a plan-view trace,absent,ODC-BY (this dataset)
scone,circumference_m,perimeter of the traced way,other,ODC-BY (this dataset)
scone,geometry,"OpenStreetMap way/86993079 (ODbL), geocoded as, fetched 2026-09-01",openstreetmap,ODbL (OpenStreetMap)
scone,home_straight_deg,"straight nearest the mapped grandstand at -32.02691,150.83313",other,ODbL (OpenStreetMap)
scone,turn_radius_m,least-squares circle fit to the bend points,other,ODC-BY (this dataset)
seymour,camber_pct,NOT PUBLISHED — camber is not derivable from a plan-view trace,absent,ODC-BY (this dataset)
seymour,circumference_m,perimeter of the traced way,other,ODC-BY (this dataset)
seymour,geometry,"OpenStreetMap way/383899015 (ODbL), geocoded as, fetched 2026-09-01",openstreetmap,ODbL (OpenStreetMap)
seymour,home_straight_deg,"NOT DETERMINED — no grandstand mapped in OSM, so which straight is the home straight is unresolved. Left null rather than guessed: a 50/50 guess inverts every headwind into a tailwind.",absent,ODbL (OpenStreetMap)
seymour,turn_radius_m,least-squares circle fit to the bend points,other,ODC-BY (this dataset)
sunshine-coast,camber_pct,NOT PUBLISHED — camber is not derivable from a plan-view trace,absent,ODC-BY (this dataset)
sunshine-coast,circumference_m,"REJECTED — traced perimeter 532m is outside the plausible TB lap band 1200-2600m — this way is a partial trace, inner rail or fence",other,ODC-BY (this dataset)
sunshine-coast,geometry,"OpenStreetMap way/670801400 (ODbL), geocoded as, fetched 2026-08-17",openstreetmap,ODbL (OpenStreetMap)
sunshine-coast,home_straight_deg,"NOT DETERMINED — no grandstand mapped in OSM, so which straight is the home straight is unresolved. Left null rather than guessed: a 50/50 guess inverts every headwind into a tailwind.",absent,ODbL (OpenStreetMap)
sunshine-coast,turn_radius_m,REJECTED — a circle fitted to a way that is not the track is not the track's radius,other,ODC-BY (this dataset)
tamworth,camber_pct,NOT PUBLISHED — camber is not derivable from a plan-view trace,absent,ODC-BY (this dataset)
tamworth,circumference_m,"REJECTED — traced perimeter 2449m is outside the plausible H lap band 600-1550m — this way is a partial trace, inner rail or fence",other,ODC-BY (this dataset)
tamworth,geometry,"OpenStreetMap way/431660569 (ODbL), geocoded as, fetched 2026-09-01",openstreetmap,ODbL (OpenStreetMap)
tamworth,home_straight_deg,"NOT DETERMINED — no grandstand mapped in OSM, so which straight is the home straight is unresolved. Left null rather than guessed: a 50/50 guess inverts every headwind into a tailwind.",absent,ODbL (OpenStreetMap)
tamworth,turn_radius_m,REJECTED — a circle fitted to a way that is not the track is not the track's radius,other,ODC-BY (this dataset)
taree,camber_pct,NOT PUBLISHED — camber is not derivable from a plan-view trace,absent,ODC-BY (this dataset)
taree,circumference_m,"REJECTED — traced perimeter 3113m is outside the plausible TB lap band 1200-2600m — this way is a partial trace, inner rail or fence",other,ODC-BY (this dataset)
taree,geometry,"OpenStreetMap way/345718587 (ODbL), geocoded as, fetched 2026-09-01",openstreetmap,ODbL (OpenStreetMap)
taree,home_straight_deg,"NOT DETERMINED — no grandstand mapped in OSM, so which straight is the home straight is unresolved. Left null rather than guessed: a 50/50 guess inverts every headwind into a tailwind.",absent,ODbL (OpenStreetMap)
taree,turn_radius_m,REJECTED — a circle fitted to a way that is not the track is not the track's radius,other,ODC-BY (this dataset)
toowoomba,camber_pct,NOT PUBLISHED — camber is not derivable from a plan-view trace,absent,ODC-BY (this dataset)
toowoomba,circumference_m,perimeter of the traced way,other,ODC-BY (this dataset)
toowoomba,geometry,"OpenStreetMap way/42295138 (ODbL), geocoded as, fetched 2026-09-01",openstreetmap,ODbL (OpenStreetMap)
toowoomba,home_straight_deg,"NOT DETERMINED — no grandstand mapped in OSM, so which straight is the home straight is unresolved. Left null rather than guessed: a 50/50 guess inverts every headwind into a tailwind.",absent,ODbL (OpenStreetMap)
toowoomba,turn_radius_m,least-squares circle fit to the bend points,other,ODC-BY (this dataset)
townsville,camber_pct,NOT PUBLISHED — camber is not derivable from a plan-view trace,absent,ODC-BY (this dataset)
townsville,circumference_m,"REJECTED — traced way is not closed, so it is not a lap — WAY IS NOT CLOSED, not a lap distance",other,ODC-BY (this dataset)
townsville,geometry,"OpenStreetMap way/903067959 (ODbL), geocoded as, fetched 2026-09-01",openstreetmap,ODbL (OpenStreetMap)
townsville,home_straight_deg,"NOT DETERMINED — no grandstand mapped in OSM, so which straight is the home straight is unresolved. Left null rather than guessed: a 50/50 guess inverts every headwind into a tailwind.",absent,ODbL (OpenStreetMap)
townsville,turn_radius_m,REJECTED — a circle fitted to a way that is not the track is not the track's radius,other,ODC-BY (this dataset)
wagga,camber_pct,NOT PUBLISHED — camber is not derivable from a plan-view trace,absent,ODC-BY (this dataset)
wagga,circumference_m,"REJECTED — traced perimeter 3321m is outside the plausible TB lap band 1200-2600m — this way is a partial trace, inner rail or fence",other,ODC-BY (this dataset)
wagga,geometry,"OpenStreetMap way/347881580 (ODbL), geocoded as, fetched 2026-09-01",openstreetmap,ODbL (OpenStreetMap)
wagga,home_straight_deg,"NOT DETERMINED — no grandstand mapped in OSM, so which straight is the home straight is unresolved. Left null rather than guessed: a 50/50 guess inverts every headwind into a tailwind.",absent,ODbL (OpenStreetMap)
wagga,turn_radius_m,REJECTED — a circle fitted to a way that is not the track is not the track's radius,other,ODC-BY (this dataset)
wangaratta,camber_pct,NOT PUBLISHED — camber is not derivable from a plan-view trace,absent,ODC-BY (this dataset)
wangaratta,circumference_m,"REJECTED — traced perimeter 2825m is outside the plausible TB lap band 1200-2600m — this way is a partial trace, inner rail or fence",other,ODC-BY (this dataset)
wangaratta,geometry,"OpenStreetMap way/301180872 (ODbL), geocoded as, fetched 2026-09-01",openstreetmap,ODbL (OpenStreetMap)
wangaratta,home_straight_deg,"NOT DETERMINED — no grandstand mapped in OSM, so which straight is the home straight is unresolved. Left null rather than guessed: a 50/50 guess inverts every headwind into a tailwind.",absent,ODbL (OpenStreetMap)
wangaratta,turn_radius_m,REJECTED — a circle fitted to a way that is not the track is not the track's radius,other,ODC-BY (this dataset)
warracknabeal,camber_pct,NOT PUBLISHED — camber is not derivable from a plan-view trace,absent,ODC-BY (this dataset)
warracknabeal,circumference_m,perimeter of the traced way,other,ODC-BY (this dataset)
warracknabeal,geometry,"OpenStreetMap way/130006392 (ODbL), geocoded as, fetched 2026-09-01",openstreetmap,ODbL (OpenStreetMap)
warracknabeal,home_straight_deg,"NOT DETERMINED — no grandstand mapped in OSM, so which straight is the home straight is unresolved. Left null rather than guessed: a 50/50 guess inverts every headwind into a tailwind.",absent,ODbL (OpenStreetMap)
warracknabeal,turn_radius_m,least-squares circle fit to the bend points,other,ODC-BY (this dataset)
warrnambool,camber_pct,NOT PUBLISHED — camber is not derivable from a plan-view trace,absent,ODC-BY (this dataset)
warrnambool,circumference_m,perimeter of the traced way,other,ODC-BY (this dataset)
warrnambool,geometry,"OpenStreetMap way/1108098294 (ODbL), geocoded as, fetched 2026-09-01",openstreetmap,ODbL (OpenStreetMap)
warrnambool,home_straight_deg,"NOT DETERMINED — no grandstand mapped in OSM, so which straight is the home straight is unresolved. Left null rather than guessed: a 50/50 guess inverts every headwind into a tailwind.",absent,ODbL (OpenStreetMap)
warrnambool,turn_radius_m,least-squares circle fit to the bend points,other,ODC-BY (this dataset)
warwick,camber_pct,NOT PUBLISHED — camber is not derivable from a plan-view trace,absent,ODC-BY (this dataset)
warwick,circumference_m,perimeter of the traced way,other,ODC-BY (this dataset)
warwick,geometry,"OpenStreetMap way/497285533 (ODbL), geocoded as, fetched 2026-09-01",openstreetmap,ODbL (OpenStreetMap)
warwick,home_straight_deg,"NOT DETERMINED — no grandstand mapped in OSM, so which straight is the home straight is unresolved. Left null rather than guessed: a 50/50 guess inverts every headwind into a tailwind.",absent,ODbL (OpenStreetMap)
warwick,turn_radius_m,least-squares circle fit to the bend points,other,ODC-BY (this dataset)
warwick-farm,camber_pct,NOT PUBLISHED — camber is not derivable from a plan-view trace,absent,ODC-BY (this dataset)
warwick-farm,circumference_m,"REJECTED — traced way is not closed, so it is not a lap — WAY IS NOT CLOSED, not a lap distance",other,ODC-BY (this dataset)
warwick-farm,geometry,"OpenStreetMap way/712067373 (ODbL), geocoded as, fetched 2026-08-17",openstreetmap,ODbL (OpenStreetMap)
warwick-farm,home_straight_deg,"NOT DETERMINED — no grandstand mapped in OSM, so which straight is the home straight is unresolved. Left null rather than guessed: a 50/50 guess inverts every headwind into a tailwind.",absent,ODbL (OpenStreetMap)
warwick-farm,turn_radius_m,REJECTED — a circle fitted to a way that is not the track is not the track's radius,other,ODC-BY (this dataset)
wodonga,camber_pct,NOT PUBLISHED — camber is not derivable from a plan-view trace,absent,ODC-BY (this dataset)
wodonga,circumference_m,perimeter of the traced way,other,ODC-BY (this dataset)
wodonga,geometry,"OpenStreetMap way/55553149 (ODbL), geocoded as, fetched 2026-09-01",openstreetmap,ODbL (OpenStreetMap)
wodonga,home_straight_deg,"NOT DETERMINED — no grandstand mapped in OSM, so which straight is the home straight is unresolved. Left null rather than guessed: a 50/50 guess inverts every headwind into a tailwind.",absent,ODbL (OpenStreetMap)
wodonga,turn_radius_m,least-squares circle fit to the bend points,other,ODC-BY (this dataset)
wyong,camber_pct,NOT PUBLISHED — camber is not derivable from a plan-view trace,absent,ODC-BY (this dataset)
wyong,circumference_m,"REJECTED — traced perimeter 3032m is outside the plausible TB lap band 1200-2600m — this way is a partial trace, inner rail or fence",other,ODC-BY (this dataset)
wyong,geometry,"OpenStreetMap way/186090805 (ODbL), geocoded as, fetched 2026-09-01",openstreetmap,ODbL (OpenStreetMap)
wyong,home_straight_deg,"NOT DETERMINED — no grandstand mapped in OSM, so which straight is the home straight is unresolved. Left null rather than guessed: a 50/50 guess inverts every headwind into a tailwind.",absent,ODbL (OpenStreetMap)
wyong,turn_radius_m,REJECTED — a circle fitted to a way that is not the track is not the track's radius,other,ODC-BY (this dataset)
