track_id,code,code_name,latitude,longitude,geometry_trusted,circumference_m,turn_radius_m,camber_pct,home_straight_m,first_turn_m,run_home_m,surface,sprint_lane,straight_track,geometry_note,camber_note,first_turn_note
Corowa,TB,thoroughbred,-36.019306,146.386288,False,,,,,,,,,,,,
GR:ballarat,GR,greyhound,,,True,,59.0,,,,,,,,,,
GR:bendigo,GR,greyhound,,,True,,64.0,,,,,,,,,,
GR:capalaba,GR,greyhound,,,,366.0,,,,,,grass,,,"STRAIGHT track: start->S1 16m, S1->S2 75m (91m cum), S2->finish 275m, total 366m",,
GR:cranbourne,GR,greyhound,,,,,,,,,,,,,,,
GR:geelong,GR,greyhound,,,True,,51.0,,,,,,,,,,
GR:healesville,GR,greyhound,,,,,,,,,,,,True,no turn radius - straight track (GRV confirmed),,
GR:horsham,GR,greyhound,,,True,625.0,50.2,,,90.0,160.0,,,,,,410m start -> 90m to first turn; 485m start -> 165m; width 5.7-6.5m; bends 50.2m (matches GRV body figure)
GR:nowra,GR,greyhound,,,True,460.0,53.0,,,,,loam/sand,,,both turns 53m; track width 6m; distances 365/520/630/722m; run-home annotations 70m/60m (unlabelled),,
GR:q-straight,GR,greyhound,,,,350.0,,,,,,sand,,True,,,
GR:richmond,GR,greyhound,,,True,463.0,52.85,,,,,loam,,,diagram at distances 320/401/520/622/722m,,
GR:sale,GR,greyhound,,,True,,51.0,,,,,,,,,,
GR:sandown-park,GR,greyhound,,,True,,51.0,,,,,,,,,,
GR:shepparton,GR,greyhound,,,True,,58.0,,,,,,,,,,
GR:the-meadows,GR,greyhound,,,True,,52.4,,,,,,,,,,
GR:traralgon,GR,greyhound,,,True,,55.0,,,,,,,,,,
GR:warragul,GR,greyhound,,,True,,60.0,,,,,,,,,,
GR:warrnambool,GR,greyhound,,,True,,59.0,,,,,,,,,,
H:albion-park,H,harness,,,True,1019.0,92.0,,197.0,,,,True,,,,
H:ballarat,H,harness,,,True,1000.0,80.0,,248.0,,,,False,,,,
H:bankstown,H,harness,,,True,805.0,68.0,,187.0,,,,False,,,,
H:bathurst,H,harness,,,True,,109.0,,,,,,True,,,,
H:bendigo,H,harness,,,True,1000.0,110.0,,185.0,,,,True,,,,
H:boort,H,harness,,,True,712.0,64.0,,151.0,,,,True,,,,
H:broken-hill,H,harness,,,True,,51.0,,,,,,False,,,,
H:bunbury,H,harness,,,True,960.0,87.0,,205.0,,,,True,,,,
H:carrick,H,harness,,,,1000.0,,,180.0,,,,False,,,,
H:cobram,H,harness,,,True,,97.0,,200.0,,,,True,,,,
H:cowra,H,harness,,,,,,,150.0,,,,False,,,,
H:cranbourne,H,harness,,,True,946.0,80.0,,221.0,,,,True,,,,
H:devonport,H,harness,,,True,735.0,83.0,,110.0,,,,False,,,,
H:dubbo,H,harness,,,True,804.5,76.0,,121.0,,,crushed granite,False,,,,
H:echuca,H,harness,,,True,,76.0,,164.0,,,,True,,,,
H:geelong,H,harness,,,True,960.0,81.0,,200.0,,,,True,,,,
H:gloucester-park,H,harness,,,True,,82.0,,143.0,,,,False,,,,
H:goulburn,H,harness,,,True,1050.0,105.0,10.0,196.0,171.0,,crusher dust,False,,,,"~171m from 1710m/2760m starts, ~140m from 2240m start; straights camber 4%"
H:gunbower,H,harness,,,True,,108.0,,273.0,,,,True,,,,
H:hamilton,H,harness,,,True,1000.0,100.0,,185.0,,,,True,,,,
H:hobart,H,harness,,,True,970.0,80.0,,200.0,,,,True,,,,
H:kilmore,H,harness,,,True,1000.0,85.0,,204.0,,,,True,,,,
H:king-island,H,harness,,,,1570.0,,,220.0,,,,False,,,,
H:launceston,H,harness,,,True,1018.0,95.0,,220.0,,,,False,,,,
H:leeton,H,harness,,,True,804.0,82.0,,120.0,,,,False,,,,
H:maitland,H,harness,,,True,,77.0,,140.0,,,,False,,,,
H:marburg,H,harness,,,True,700.0,71.0,,150.0,,,crusher dust,False,,radius per [name removed]; Bennett+Bennett survey VER_3 at,,
H:maryborough,H,harness,,,True,1000.0,84.0,12.5,210.0,,,"bluestone dust base, quartz sand top",True,,,"12.5% turns, 2-3% straights",
H:melton,H,harness,,,True,1040.0,110.0,14.0,205.0,80.0,,washed quartz sand 5mm on crusher dust base,,,,,
H:mildura,H,harness,,,True,810.0,70.0,,183.0,,,,False,,,,
H:newcastle,H,harness,,,True,931.88,80.0,7.0,188.45,,,crushed rock,False,,,3% straights to 7% turns; mobile 1609/2030/2550m,
H:northam,H,harness,,,,825.0,,,140.0,,,,True,,,,
H:ouyen,H,harness,,,True,769.0,74.0,,151.0,,,,True,,,,
H:parkes,H,harness,,,True,767.0,60.0,,196.0,,,,False,,,,
H:penrith,H,harness,,,True,,78.0,,130.0,,,,False,,,,
H:pinjarra,H,harness,,,True,,90.0,,217.0,,,,True,,,,
H:port-pirie,H,harness,,,True,,95.0,,170.0,,,,True,,,,
H:redcliffe,H,harness,,,True,,72.0,,170.0,,,,True,,,,
H:scottsdale,H,harness,,,,740.0,,,80.0,,,,False,,,,
H:shepparton,H,harness,,,True,1000.0,100.0,10.0,200.0,190.0,,washed sand/crushed quartz on bluestone dust base,True,,,"10% turns, 5% straights; width ~16m, 7 across front row; sprint lane in operation",
H:stawell,H,harness,,,True,813.0,66.0,,189.0,,,,True,,,,
H:swan-hill,H,harness,,,True,1040.0,100.0,,205.0,,,,True,,,,
H:tamworth,H,harness,,,True,750.0,72.0,,150.0,,,,False,,,,
H:terang,H,harness,,,True,1000.0,91.0,,200.0,,,granitic sand,True,,,,
H:wagga,H,harness,,,True,,75.0,,165.0,,,,True,,,,
H:wagin,H,harness,,,,814.0,,,167.0,,,,False,,,,
H:warragul,H,harness,,,True,837.0,86.0,,147.0,,,,True,,,,
H:wedderburn,H,harness,,,True,,70.0,,178.0,,,,True,,,,
H:yarra-valley,H,harness,,,True,1000.0,102.0,,180.0,,,,True,,,,
H:young,H,harness,,,True,,66.0,,,,,,False,,,,
Mudgee,TB,thoroughbred,-32.581935,149.597316,True,1663,147.9,,,,,,,,,,
Scone,TB,thoroughbred,-32.0269,150.836376,True,1812,,,,,,,,,,,
Taree,TB,thoroughbred,-31.891357,152.474416,False,,,,,,,,,,,,
Wyong,TB,thoroughbred,-33.281875,151.430624,False,,,,,,,,,,,,
albion-park,H,harness,-34.569,150.777837,False,,,,,,,,,,,,
albury,TB,thoroughbred,-36.061895,146.953324,False,,,,,,,,,,,,
ararat,H,harness,-37.062791,142.787922,False,,,,,,,,,,,,
ascot,TB,thoroughbred,-31.94428,115.891286,True,2495,178.8,,,,,,,,,,
bairnsdale,TB,thoroughbred,-37.844666,147.604877,False,,,,,,,,,,,,
balaklava,TB,thoroughbred,-34.150916,138.40848,False,,,,,,,,,,,,
ballarat,TB,thoroughbred,-37.471468,143.816337,True,1897,,,,,,,,,,,
bathurst,H,harness,-33.449751,149.575072,True,1109,119.5,,,,,,,,,,
beaudesert,TB,thoroughbred,-27.991388,152.971281,False,,,,,,,,,,,,
belmont,TB,thoroughbred,-31.94428,115.891286,True,2495,178.8,,,,,,,,,,
belmont-park,TB,thoroughbred,-31.94428,115.891286,True,2495,178.8,,,,,,,,,,
bendigo,TB,thoroughbred,-36.722445,144.319523,True,1709,,,,,,,,,,,
broome,TB,thoroughbred,-17.976781,122.185879,True,1913,220.1,,,,,,,,,,
bulli,GR,greyhound,-34.33001,150.912083,False,,,,,,,,,,,,
bunbury,TB,thoroughbred,-33.356249,115.645303,True,1852,139.5,,,,,,,,,,
cairns,TB,thoroughbred,-16.946931,145.746389,True,2598,,,,,,,,,,,
canberra,TB,thoroughbred,-35.23258,149.13947,False,,,,,,,,,,,,
canterbury,TB,thoroughbred,-33.905905,151.114635,True,2357,,,,,,,,,,,
capalaba,GR,greyhound,-27.532325,153.168135,True,767,74.2,,,,,,,,,,
casino,GR,greyhound,-28.880928,153.046396,True,526,,,,,,,,,,,
casterton,TB,thoroughbred,-37.603181,141.413821,False,,,,,,,,,,,,
caulfield,TB,thoroughbred,-37.879556,145.03934,False,,,,,,,,,,,,
darwin,TB,thoroughbred,-12.424144,130.845891,True,2555,,,,,,,,,,,
devonport,TB,thoroughbred,-41.210911,146.34106,True,2235,,,,,,,,,,,
doomben,TB,thoroughbred,-27.438046,153.045621,True,1777,233.9,,,,,,,,,,
dubbo,GR,greyhound,-32.230532,148.633002,True,578,,,,,,,,,,,
flemington,TB,thoroughbred,-37.765542,144.931594,True,2564,,,,,,,,,,,
geelong,TB,thoroughbred,-38.175462,144.375141,True,1885,,,,,,,,,,,
gold-coast,TB,thoroughbred,-28.005253,153.407031,False,,,,,,,,,,,,
gosford,TB,thoroughbred,-33.421928,151.324777,True,2389,145.8,,,,,,,,,,
grafton,GR,greyhound,-29.673662,152.927188,True,615,,,,,,,,,,,
gundagai,TB,thoroughbred,-35.072799,148.119815,False,,,,,,,,,,,,
gympie,TB,thoroughbred,-26.2014,152.646426,True,2241,,,,,,,,,,,
hamilton,TB,thoroughbred,-37.734307,141.990052,False,,,,,,,,,,,,
hawkesbury,TB,thoroughbred,-33.63663,150.775727,False,,,,,,,,,,,,
hobart,H,harness,-42.8238,147.295312,False,,,,,,,,,,,,
ipswich,TB,thoroughbred,-27.615605,152.804765,True,1690,,,,,,,,,,,
kembla-grange,TB,thoroughbred,-34.483267,150.822606,True,1381,,,,,,,,,,,
kilcoy,TB,thoroughbred,-26.941444,152.548293,True,2492,,,,,,,,,,,
kyneton,TB,thoroughbred,-37.237009,144.442179,True,2359,,,,,,,,,,,
launceston,TB,thoroughbred,-41.403715,147.140108,True,2535,323.9,,,,,,,,,,
leeton,H,harness,-34.559728,146.404201,False,,,,,,,,,,,,
lismore,TB,thoroughbred,-28.793331,153.274695,False,,,,,,,,,,,,
mackay,TB,thoroughbred,-21.170613,149.150609,True,2008,276.1,,,,,,,,,,
maitland,GR,greyhound,-32.745717,151.563658,True,477,,,,,,,,,,,
melton,H,harness,-37.6833,144.5833,,1000,,14.0,,,,,,,,,
menangle,H,harness,-34.102835,150.741988,True,1447,,,,,,,,,,,
mildura,H,harness,-34.196584,142.176795,False,,,,,,,,,,,,
moonee-valley,TB,thoroughbred,-37.765542,144.931594,True,2564,,,,,,,,,,,
mornington,TB,thoroughbred,-38.236101,145.070331,False,,,,,,,,,,,,
morphettville,TB,thoroughbred,-34.977824,138.542622,True,1731,,,,,,,,,,,
murtoa,TB,thoroughbred,-36.628557,142.462784,False,,,,,,,,,,,,
muswellbrook,TB,thoroughbred,-32.281053,150.862854,True,2536,,,,,,,,,,,
newcastle,TB,thoroughbred,-32.939478,151.628574,False,,,,,,,,,,,,
nowra,TB,thoroughbred,-34.902361,150.588386,False,,,,,,,,,,,,
pakenham,TB,thoroughbred,-38.096681,145.608063,False,,,,,,,,,,,,
parkes,H,harness,-33.123979,148.183188,True,734,73.4,,,,,,,,,,
penrith,H,harness,-33.756066,150.689456,True,1337,,,,,,,,,,,
pinjarra,TB,thoroughbred,-32.633512,115.886624,False,,,,,,,,,,,,
port-augusta,TB,thoroughbred,-32.497285,137.805286,True,2111,193.6,,,,,,,,,,
port-macquarie,TB,thoroughbred,-31.442809,152.879661,False,,,,,,,,,,,,
randwick,TB,thoroughbred,-33.91263,151.233285,False,,,,,,,,,,,,
redcliffe,H,harness,-27.232365,153.10753,False,835,72,,,,,,,,,,
richmond,GR,greyhound,-33.633924,150.743338,True,535,53.6,,,,,,,,,,
sapphire-coast,TB,thoroughbred,-36.761654,149.924948,False,,,,,,,,,,,,
scone,TB,thoroughbred,-32.0269,150.836376,True,1812,,,,,,,,,,,
seymour,TB,thoroughbred,-37.033508,145.168097,True,1776,131.8,,,,,,,,,,
sunshine-coast,TB,thoroughbred,-26.780876,153.068414,False,,,,,,,,,,,,
tamworth,H,harness,-31.086074,150.904336,False,,,,,,,,,,,,
taree,TB,thoroughbred,-31.891357,152.474416,False,,,,,,,,,,,,
toowoomba,TB,thoroughbred,-27.557753,151.924963,True,2490,,,,,,,,,,,
townsville,GR,greyhound,-19.271833,146.812389,False,,,,,,,,,,,,
wagga,TB,thoroughbred,-35.103254,147.353598,False,,,,,,,,,,,,
wangaratta,TB,thoroughbred,-36.357968,146.288672,False,,,,,,,,,,,,
warracknabeal,TB,thoroughbred,-36.24905,142.405478,True,2346,,,,,,,,,,,
warrnambool,TB,thoroughbred,-38.379026,142.508093,True,1612,171.5,,,,,,,,,,
warwick,TB,thoroughbred,-28.209823,152.018504,True,2534,,,,,,,,,,,
warwick-farm,TB,thoroughbred,-33.912706,150.940024,False,,,,,,,,,,,,
wodonga,TB,thoroughbred,-36.13332,146.895433,True,1824,,,,,,,,,,,
wyong,TB,thoroughbred,-33.281875,151.430624,False,,,,,,,,,,,,
